vtrace1; I mc_i; I cp1_off; I MAXDATA
vtrace1; 1874; 497; 5579
vtrace1; 1875; 497; 5579
vtrace1; 1876; 497; 5579
vtrace1; 1877; 497; 5579
vtrace1; 1870; 497; 5579
vtrace1; 1871; 497; 5579
vtrace1; 1872; 497; 5579
vtrace1; 1873; 497; 5579
vtrace1; 1866; 497; 5579
vtrace1; 1867; 497; 5579
vtrace1; 1868; 497; 5579
vtrace1; 1869; 497; 5579
vtrace1; 1862; 497; 5579
vtrace1; 1863; 497; 5579
vtrace1; 1864; 497; 5579
vtrace1; 1865; 497; 5579
vtrace1; 1858; 497; 5579
vtrace1; 1859; 497; 5579
vtrace1; 1860; 497; 5579
vtrace1; 1861; 497; 5579
vtrace1; 1854; 497; 5579
vtrace1; 1855; 497; 5579
vtrace1; 1856; 497; 5579
vtrace1; 1857; 497; 5579
vtrace1; 1850; 497; 5579
vtrace1; 1851; 497; 5579
vtrace1; 1852; 497; 5579
vtrace1; 1853; 497; 5579
vtrace1; 1846; 497; 5579
vtrace1; 1847; 497; 5579
vtrace1; 1848; 497; 5579
vtrace1; 1849; 497; 5579
vtrace1; 1906; 497; 5579
vtrace1; 1907; 497; 5579
vtrace1; 1908; 497; 5579
vtrace1; 1909; 497; 5579
vtrace1; 1902; 497; 5579
vtrace1; 1903; 497; 5579
vtrace1; 1904; 497; 5579
vtrace1; 1905; 497; 5579
vtrace1; 1898; 497; 5579
vtrace1; 1899; 497; 5579
vtrace1; 1900; 497; 5579
vtrace1; 1901; 497; 5579
vtrace1; 1894; 497; 5579
vtrace1; 1895; 497; 5579
vtrace1; 1896; 497; 5579
vtrace1; 1897; 497; 5579
vtrace1; 1890; 497; 5579
vtrace1; 1891; 497; 5579
vtrace1; 1892; 497; 5579
vtrace1; 1893; 497; 5579
vtrace1; 1886; 497; 5579
vtrace1; 1887; 497; 5579
vtrace1; 1888; 497; 5579
vtrace1; 1889; 497; 5579
vtrace1; 1882; 497; 5579
vtrace1; 1883; 497; 5579
vtrace1; 1884; 497; 5579
vtrace1; 1885; 497; 5579
vtrace1; 1878; 497; 5579
vtrace1; 1879; 497; 5579
vtrace1; 1880; 497; 5579
vtrace1; 1881; 497; 5579
vtrace1; 1810; 497; 5579
vtrace1; 1811; 497; 5579
vtrace1; 1812; 497; 5579
vtrace1; 1813; 497; 5579
vtrace1; 1806; 497; 5579
vtrace1; 1807; 497; 5579
vtrace1; 1808; 497; 5579
vtrace1; 1809; 497; 5579
vtrace1; 1802; 497; 5579
vtrace1; 1803; 497; 5579
vtrace1; 1804; 497; 5579
vtrace1; 1805; 497; 5579
vtrace1; 1798; 497; 5579
vtrace1; 1799; 497; 5579
vtrace1; 1800; 497; 5579
vtrace1; 1801; 497; 5579
vtrace1; 1794; 497; 5579
vtrace1; 1795; 497; 5579
vtrace1; 1796; 497; 5579
vtrace1; 1797; 497; 5579
vtrace1; 1790; 497; 5579
vtrace1; 1791; 497; 5579
vtrace1; 1792; 497; 5579
vtrace1; 1793; 497; 5579
vtrace1; 1786; 497; 5579
vtrace1; 1787; 497; 5579
vtrace1; 1788; 497; 5579
vtrace1; 1789; 497; 5579
vtrace1; 1782; 497; 5579
vtrace1; 1783; 497; 5579
vtrace1; 1784; 497; 5579
vtrace1; 1785; 497; 5579
vtrace1; 1842; 497; 5579
vtrace1; 1843; 497; 5579
vtrace1; 1844; 497; 5579
vtrace1; 1845; 497; 5579
vtrace1; 1838; 497; 5579
vtrace1; 1839; 497; 5579
vtrace1; 1840; 497; 5579
vtrace1; 1841; 497; 5579
vtrace1; 1834; 497; 5579
vtrace1; 1835; 497; 5579
vtrace1; 1836; 497; 5579
vtrace1; 1837; 497; 5579
vtrace1; 1830; 497; 5579
vtrace1; 1831; 497; 5579
vtrace1; 1832; 497; 5579
vtrace1; 1833; 497; 5579
vtrace1; 1826; 497; 5579
vtrace1; 1827; 497; 5579
vtrace1; 1828; 497; 5579
vtrace1; 1829; 497; 5579
vtrace1; 1822; 497; 5579
vtrace1; 1823; 497; 5579
vtrace1; 1824; 497; 5579
vtrace1; 1825; 497; 5579
vtrace1; 1818; 497; 5579
vtrace1; 1819; 497; 5579
vtrace1; 1820; 497; 5579
vtrace1; 1821; 497; 5579
vtrace1; 1814; 497; 5579
vtrace1; 1815; 497; 5579
vtrace1; 1816; 497; 5579
vtrace1; 1817; 497; 5579
vtrace1; 1994; 497; 5579
vtrace1; 1995; 497; 5579
vtrace1; 1996; 497; 5579
vtrace1; 1997; 497; 5579
vtrace1; 1990; 497; 5579
vtrace1; 1991; 497; 5579
vtrace1; 1992; 497; 5579
vtrace1; 1993; 497; 5579
vtrace1; 1986; 497; 5579
vtrace1; 1987; 497; 5579
vtrace1; 1988; 497; 5579
vtrace1; 1989; 497; 5579
vtrace1; 1982; 497; 5579
vtrace1; 1983; 497; 5579
vtrace1; 1984; 497; 5579
vtrace1; 1985; 497; 5579
vtrace1; 1978; 497; 5579
vtrace1; 1979; 497; 5579
vtrace1; 1980; 497; 5579
vtrace1; 1981; 497; 5579
vtrace1; 1974; 497; 5579
vtrace1; 1975; 497; 5579
vtrace1; 1976; 497; 5579
vtrace1; 1977; 497; 5579
vtrace1; 1938; 497; 5579
vtrace1; 1939; 497; 5579
vtrace1; 1940; 497; 5579
vtrace1; 1941; 497; 5579
vtrace1; 1934; 497; 5579
vtrace1; 1935; 497; 5579
vtrace1; 1936; 497; 5579
vtrace1; 1937; 497; 5579
vtrace1; 1930; 497; 5579
vtrace1; 1931; 497; 5579
vtrace1; 1932; 497; 5579
vtrace1; 1933; 497; 5579
vtrace1; 1926; 497; 5579
vtrace1; 1927; 497; 5579
vtrace1; 1928; 497; 5579
vtrace1; 1929; 497; 5579
vtrace1; 1922; 497; 5579
vtrace1; 1923; 497; 5579
vtrace1; 1924; 497; 5579
vtrace1; 1925; 497; 5579
vtrace1; 1918; 497; 5579
vtrace1; 1919; 497; 5579
vtrace1; 1920; 497; 5579
vtrace1; 1921; 497; 5579
vtrace1; 1914; 497; 5579
vtrace1; 1915; 497; 5579
vtrace1; 1916; 497; 5579
vtrace1; 1917; 497; 5579
vtrace1; 1910; 497; 5579
vtrace1; 1911; 497; 5579
vtrace1; 1912; 497; 5579
vtrace1; 1913; 497; 5579
vtrace1; 1970; 497; 5579
vtrace1; 1971; 497; 5579
vtrace1; 1972; 497; 5579
vtrace1; 1973; 497; 5579
vtrace1; 1966; 497; 5579
vtrace1; 1967; 497; 5579
vtrace1; 1968; 497; 5579
vtrace1; 1969; 497; 5579
vtrace1; 1962; 497; 5579
vtrace1; 1963; 497; 5579
vtrace1; 1964; 497; 5579
vtrace1; 1965; 497; 5579
vtrace1; 1958; 497; 5579
vtrace1; 1959; 497; 5579
vtrace1; 1960; 497; 5579
vtrace1; 1961; 497; 5579
vtrace1; 1954; 497; 5579
vtrace1; 1955; 497; 5579
vtrace1; 1956; 497; 5579
vtrace1; 1957; 497; 5579
vtrace1; 1950; 497; 5579
vtrace1; 1951; 497; 5579
vtrace1; 1952; 497; 5579
vtrace1; 1953; 497; 5579
vtrace1; 1946; 497; 5579
vtrace1; 1947; 497; 5579
vtrace1; 1948; 497; 5579
vtrace1; 1949; 497; 5579
vtrace1; 1942; 497; 5579
vtrace1; 1943; 497; 5579
vtrace1; 1944; 497; 5579
vtrace1; 1945; 497; 5579
vtrace1; 82; 497; 5579
vtrace1; 83; 497; 5579
vtrace1; 84; 497; 5579
vtrace1; 85; 497; 5579
vtrace1; 78; 497; 5579
vtrace1; 79; 497; 5579
vtrace1; 80; 497; 5579
vtrace1; 81; 497; 5579
vtrace1; 74; 497; 5579
vtrace1; 75; 497; 5579
vtrace1; 76; 497; 5579
vtrace1; 77; 497; 5579
vtrace1; 70; 497; 5579
vtrace1; 71; 497; 5579
vtrace1; 72; 497; 5579
vtrace1; 73; 497; 5579
vtrace1; 66; 497; 5579
vtrace1; 67; 497; 5579
vtrace1; 68; 497; 5579
vtrace1; 69; 497; 5579
vtrace1; 62; 497; 5579
vtrace1; 63; 497; 5579
vtrace1; 64; 497; 5579
vtrace1; 65; 497; 5579
vtrace1; 58; 497; 5579
vtrace1; 59; 497; 5579
vtrace1; 60; 497; 5579
vtrace1; 61; 497; 5579
vtrace1; 54; 497; 5579
vtrace1; 55; 497; 5579
vtrace1; 56; 497; 5579
vtrace1; 57; 497; 5579
vtrace1; 114; 497; 5579
vtrace1; 115; 497; 5579
vtrace1; 116; 497; 5579
vtrace1; 117; 497; 5579
vtrace1; 110; 497; 5579
vtrace1; 111; 497; 5579
vtrace1; 112; 497; 5579
vtrace1; 113; 497; 5579
vtrace1; 106; 497; 5579
vtrace1; 107; 497; 5579
vtrace1; 108; 497; 5579
vtrace1; 109; 497; 5579
vtrace1; 102; 497; 5579
vtrace1; 103; 497; 5579
vtrace1; 104; 497; 5579
vtrace1; 105; 497; 5579
vtrace1; 98; 497; 5579
vtrace1; 99; 497; 5579
vtrace1; 100; 497; 5579
vtrace1; 101; 497; 5579
vtrace1; 94; 497; 5579
vtrace1; 95; 497; 5579
vtrace1; 96; 497; 5579
vtrace1; 97; 497; 5579
vtrace1; 90; 497; 5579
vtrace1; 91; 497; 5579
vtrace1; 92; 497; 5579
vtrace1; 93; 497; 5579
vtrace1; 86; 497; 5579
vtrace1; 0; 0; 931
vtrace1; 87; 497; 5579
vtrace1; 88; 497; 5579
vtrace1; 89; 497; 5579
vtrace1; 18; 497; 5579
vtrace1; 19; 497; 5579
vtrace1; 20; 497; 5579
vtrace1; 21; 497; 5579
vtrace1; 14; 497; 5579
vtrace1; 15; 497; 5579
vtrace1; 16; 497; 5579
vtrace1; 17; 497; 5579
vtrace1; 10; 497; 5579
vtrace1; 11; 497; 5579
vtrace1; 12; 497; 5579
vtrace1; 13; 497; 5579
vtrace1; 6; 497; 5579
vtrace1; 7; 497; 5579
vtrace1; 8; 497; 5579
vtrace1; 9; 497; 5579
vtrace1; 2; 497; 5579
vtrace1; 3; 497; 5579
vtrace1; 4; 497; 5579
vtrace1; 5; 497; 5579
vtrace1; 0; 497; 5579
vtrace1; 1; 497; 5579
vtrace1; 50; 497; 5579
vtrace1; 51; 497; 5579
vtrace1; 52; 497; 5579
vtrace1; 53; 497; 5579
vtrace1; 46; 497; 5579
vtrace1; 47; 497; 5579
vtrace1; 48; 497; 5579
vtrace1; 49; 497; 5579
vtrace1; 42; 497; 5579
vtrace1; 43; 497; 5579
vtrace1; 44; 497; 5579
vtrace1; 45; 497; 5579
vtrace1; 38; 497; 5579
vtrace1; 39; 497; 5579
vtrace1; 40; 497; 5579
vtrace1; 41; 497; 5579
vtrace1; 34; 497; 5579
vtrace1; 35; 497; 5579
vtrace1; 36; 497; 5579
vtrace1; 37; 497; 5579
vtrace1; 30; 497; 5579
vtrace1; 31; 497; 5579
vtrace1; 32; 497; 5579
vtrace1; 33; 497; 5579
vtrace1; 26; 497; 5579
vtrace1; 27; 497; 5579
vtrace1; 28; 497; 5579
vtrace1; 29; 497; 5579
vtrace1; 22; 497; 5579
vtrace1; 23; 497; 5579
vtrace1; 24; 497; 5579
vtrace1; 25; 497; 5579
vtrace1; 210; 497; 5579
vtrace1; 211; 497; 5579
vtrace1; 212; 497; 5579
vtrace1; 213; 497; 5579
vtrace1; 206; 497; 5579
vtrace1; 207; 497; 5579
vtrace1; 208; 497; 5579
vtrace1; 209; 497; 5579
vtrace1; 202; 497; 5579
vtrace1; 203; 497; 5579
vtrace1; 204; 497; 5579
vtrace1; 205; 497; 5579
vtrace1; 198; 497; 5579
vtrace1; 199; 497; 5579
vtrace1; 200; 497; 5579
vtrace1; 201; 497; 5579
vtrace1; 194; 497; 5579
vtrace1; 195; 497; 5579
vtrace1; 196; 497; 5579
vtrace1; 197; 497; 5579
vtrace1; 190; 497; 5579
vtrace1; 191; 497; 5579
vtrace1; 192; 497; 5579
vtrace1; 193; 497; 5579
vtrace1; 186; 497; 5579
vtrace1; 187; 497; 5579
vtrace1; 188; 497; 5579
vtrace1; 189; 497; 5579
vtrace1; 182; 497; 5579
vtrace1; 183; 497; 5579
vtrace1; 184; 497; 5579
vtrace1; 185; 497; 5579
vtrace1; 242; 497; 5579
vtrace1; 243; 497; 5579
vtrace1; 244; 497; 5579
vtrace1; 245; 497; 5579
vtrace1; 238; 497; 5579
vtrace1; 239; 497; 5579
vtrace1; 240; 497; 5579
vtrace1; 241; 497; 5579
vtrace1; 234; 497; 5579
vtrace1; 235; 497; 5579
vtrace1; 236; 497; 5579
vtrace1; 237; 497; 5579
vtrace1; 230; 497; 5579
vtrace1; 231; 497; 5579
vtrace1; 232; 497; 5579
vtrace1; 233; 497; 5579
vtrace1; 226; 497; 5579
vtrace1; 227; 497; 5579
vtrace1; 228; 497; 5579
vtrace1; 229; 497; 5579
vtrace1; 222; 497; 5579
vtrace1; 223; 497; 5579
vtrace1; 224; 497; 5579
vtrace1; 225; 497; 5579
vtrace1; 218; 497; 5579
vtrace1; 219; 497; 5579
vtrace1; 220; 497; 5579
vtrace1; 221; 497; 5579
vtrace1; 214; 497; 5579
vtrace1; 215; 497; 5579
vtrace1; 216; 497; 5579
vtrace1; 217; 497; 5579
vtrace1; 146; 497; 5579
vtrace1; 147; 497; 5579
vtrace1; 148; 497; 5579
vtrace1; 149; 497; 5579
vtrace1; 142; 497; 5579
vtrace1; 143; 497; 5579
vtrace1; 144; 497; 5579
vtrace1; 145; 497; 5579
vtrace1; 138; 497; 5579
vtrace1; 139; 497; 5579
vtrace1; 140; 497; 5579
vtrace1; 141; 497; 5579
vtrace1; 134; 497; 5579
vtrace1; 135; 497; 5579
vtrace1; 136; 497; 5579
vtrace1; 137; 497; 5579
vtrace1; 130; 497; 5579
vtrace1; 131; 497; 5579
vtrace1; 132; 497; 5579
vtrace1; 133; 497; 5579
vtrace1; 126; 497; 5579
vtrace1; 127; 497; 5579
vtrace1; 128; 497; 5579
vtrace1; 129; 497; 5579
vtrace1; 122; 497; 5579
vtrace1; 123; 497; 5579
vtrace1; 124; 497; 5579
vtrace1; 125; 497; 5579
vtrace1; 118; 497; 5579
vtrace1; 119; 497; 5579
vtrace1; 120; 497; 5579
vtrace1; 121; 497; 5579
vtrace1; 178; 497; 5579
vtrace1; 179; 497; 5579
vtrace1; 180; 497; 5579
vtrace1; 181; 497; 5579
vtrace1; 174; 497; 5579
vtrace1; 175; 497; 5579
vtrace1; 176; 497; 5579
vtrace1; 177; 497; 5579
vtrace1; 170; 497; 5579
vtrace1; 171; 497; 5579
vtrace1; 172; 497; 5579
vtrace1; 173; 497; 5579
vtrace1; 166; 497; 5579
vtrace1; 167; 497; 5579
vtrace1; 168; 497; 5579
vtrace1; 169; 497; 5579
vtrace1; 162; 497; 5579
vtrace1; 163; 497; 5579
vtrace1; 164; 497; 5579
vtrace1; 165; 497; 5579
vtrace1; 158; 497; 5579
vtrace1; 159; 497; 5579
vtrace1; 160; 497; 5579
vtrace1; 161; 497; 5579
vtrace1; 154; 497; 5579
vtrace1; 155; 497; 5579
vtrace1; 156; 497; 5579
vtrace1; 157; 497; 5579
vtrace1; 150; 497; 5579
vtrace1; 151; 497; 5579
vtrace1; 152; 497; 5579
vtrace1; 153; 497; 5579
vtrace1; 338; 497; 5579
vtrace1; 339; 497; 5579
vtrace1; 340; 497; 5579
vtrace1; 341; 497; 5579
vtrace1; 334; 497; 5579
vtrace1; 335; 497; 5579
vtrace1; 336; 497; 5579
vtrace1; 337; 497; 5579
vtrace1; 330; 497; 5579
vtrace1; 331; 497; 5579
vtrace1; 332; 497; 5579
vtrace1; 333; 497; 5579
vtrace1; 326; 497; 5579
vtrace1; 327; 497; 5579
vtrace1; 328; 497; 5579
vtrace1; 329; 497; 5579
vtrace1; 322; 497; 5579
vtrace1; 323; 497; 5579
vtrace1; 324; 497; 5579
vtrace1; 325; 497; 5579
vtrace1; 318; 497; 5579
vtrace1; 319; 497; 5579
vtrace1; 320; 497; 5579
vtrace1; 321; 497; 5579
vtrace1; 314; 497; 5579
vtrace1; 315; 497; 5579
vtrace1; 316; 497; 5579
vtrace1; 317; 497; 5579
vtrace1; 310; 497; 5579
vtrace1; 311; 497; 5579
vtrace1; 312; 497; 5579
vtrace1; 313; 497; 5579
vtrace1; 370; 497; 5579
vtrace1; 371; 497; 5579
vtrace1; 372; 497; 5579
vtrace1; 373; 497; 5579
vtrace1; 366; 497; 5579
vtrace1; 367; 497; 5579
vtrace1; 368; 497; 5579
vtrace1; 369; 497; 5579
vtrace1; 362; 497; 5579
vtrace1; 363; 497; 5579
vtrace1; 364; 497; 5579
vtrace1; 365; 497; 5579
vtrace1; 358; 497; 5579
vtrace1; 359; 497; 5579
vtrace1; 360; 497; 5579
vtrace1; 361; 497; 5579
vtrace1; 354; 497; 5579
vtrace1; 355; 497; 5579
vtrace1; 356; 497; 5579
vtrace1; 357; 497; 5579
vtrace1; 350; 497; 5579
vtrace1; 351; 497; 5579
vtrace1; 352; 497; 5579
vtrace1; 353; 497; 5579
vtrace1; 346; 497; 5579
vtrace1; 347; 497; 5579
vtrace1; 348; 497; 5579
vtrace1; 349; 497; 5579
vtrace1; 342; 497; 5579
vtrace1; 343; 497; 5579
vtrace1; 344; 497; 5579
vtrace1; 345; 497; 5579
vtrace1; 274; 497; 5579
vtrace1; 275; 497; 5579
vtrace1; 276; 497; 5579
vtrace1; 277; 497; 5579
vtrace1; 270; 497; 5579
vtrace1; 271; 497; 5579
vtrace1; 272; 497; 5579
vtrace1; 273; 497; 5579
vtrace1; 266; 497; 5579
vtrace1; 267; 497; 5579
vtrace1; 268; 497; 5579
vtrace1; 269; 497; 5579
vtrace1; 262; 497; 5579
vtrace1; 263; 497; 5579
vtrace1; 264; 497; 5579
vtrace1; 265; 497; 5579
vtrace1; 258; 497; 5579
vtrace1; 259; 497; 5579
vtrace1; 260; 497; 5579
vtrace1; 261; 497; 5579
vtrace1; 254; 497; 5579
vtrace1; 255; 497; 5579
vtrace1; 256; 497; 5579
vtrace1; 257; 497; 5579
vtrace1; 250; 497; 5579
vtrace1; 251; 497; 5579
vtrace1; 252; 497; 5579
vtrace1; 253; 497; 5579
vtrace1; 246; 497; 5579
vtrace1; 247; 497; 5579
vtrace1; 248; 497; 5579
vtrace1; 249; 497; 5579
vtrace1; 306; 497; 5579
vtrace1; 307; 497; 5579
vtrace1; 308; 497; 5579
vtrace1; 309; 497; 5579
vtrace1; 302; 497; 5579
vtrace1; 303; 497; 5579
vtrace1; 304; 497; 5579
vtrace1; 305; 497; 5579
vtrace1; 298; 497; 5579
vtrace1; 299; 497; 5579
vtrace1; 300; 497; 5579
vtrace1; 301; 497; 5579
vtrace1; 294; 497; 5579
vtrace1; 295; 497; 5579
vtrace1; 296; 497; 5579
vtrace1; 297; 497; 5579
vtrace1; 290; 497; 5579
vtrace1; 291; 497; 5579
vtrace1; 292; 497; 5579
vtrace1; 293; 497; 5579
vtrace1; 286; 497; 5579
vtrace1; 287; 497; 5579
vtrace1; 288; 497; 5579
vtrace1; 289; 497; 5579
vtrace1; 282; 497; 5579
vtrace1; 283; 497; 5579
vtrace1; 284; 497; 5579
vtrace1; 285; 497; 5579
vtrace1; 278; 497; 5579
vtrace1; 279; 497; 5579
vtrace1; 280; 497; 5579
vtrace1; 281; 497; 5579
vtrace1; 466; 497; 5579
vtrace1; 467; 497; 5579
vtrace1; 468; 497; 5579
vtrace1; 469; 497; 5579
vtrace1; 462; 497; 5579
vtrace1; 463; 497; 5579
vtrace1; 464; 497; 5579
vtrace1; 465; 497; 5579
vtrace1; 458; 497; 5579
vtrace1; 459; 497; 5579
vtrace1; 460; 497; 5579
vtrace1; 461; 497; 5579
vtrace1; 454; 497; 5579
vtrace1; 455; 497; 5579
vtrace1; 456; 497; 5579
vtrace1; 457; 497; 5579
vtrace1; 450; 497; 5579
vtrace1; 451; 497; 5579
vtrace1; 452; 497; 5579
vtrace1; 453; 497; 5579
vtrace1; 446; 497; 5579
vtrace1; 447; 497; 5579
vtrace1; 448; 497; 5579
vtrace1; 449; 497; 5579
vtrace1; 442; 497; 5579
vtrace1; 443; 497; 5579
vtrace1; 444; 497; 5579
vtrace1; 445; 497; 5579
vtrace1; 438; 497; 5579
vtrace1; 439; 497; 5579
vtrace1; 440; 497; 5579
vtrace1; 441; 497; 5579
vtrace1; 498; 497; 5579
vtrace1; 499; 497; 5579
vtrace1; 500; 497; 5579
vtrace1; 501; 497; 5579
vtrace1; 494; 497; 5579
vtrace1; 495; 497; 5579
vtrace1; 496; 497; 5579
vtrace1; 497; 497; 5579
vtrace1; 490; 497; 5579
vtrace1; 491; 497; 5579
vtrace1; 492; 497; 5579
vtrace1; 493; 497; 5579
vtrace1; 486; 497; 5579
vtrace1; 487; 497; 5579
vtrace1; 488; 497; 5579
vtrace1; 489; 497; 5579
vtrace1; 482; 497; 5579
vtrace1; 483; 497; 5579
vtrace1; 484; 497; 5579
vtrace1; 485; 497; 5579
vtrace1; 478; 497; 5579
vtrace1; 479; 497; 5579
vtrace1; 480; 497; 5579
vtrace1; 481; 497; 5579
vtrace1; 474; 497; 5579
vtrace1; 475; 497; 5579
vtrace1; 476; 497; 5579
vtrace1; 477; 497; 5579
vtrace1; 470; 497; 5579
vtrace1; 471; 497; 5579
vtrace1; 472; 497; 5579
vtrace1; 473; 497; 5579
vtrace1; 402; 497; 5579
vtrace1; 403; 497; 5579
vtrace1; 404; 497; 5579
vtrace1; 405; 497; 5579
vtrace1; 398; 497; 5579
vtrace1; 399; 497; 5579
vtrace1; 400; 497; 5579
vtrace1; 401; 497; 5579
vtrace1; 394; 497; 5579
vtrace1; 395; 497; 5579
vtrace1; 396; 497; 5579
vtrace1; 397; 497; 5579
vtrace1; 390; 497; 5579
vtrace1; 391; 497; 5579
vtrace1; 392; 497; 5579
vtrace1; 393; 497; 5579
vtrace1; 386; 497; 5579
vtrace1; 387; 497; 5579
vtrace1; 388; 497; 5579
vtrace1; 389; 497; 5579
vtrace1; 382; 497; 5579
vtrace1; 383; 497; 5579
vtrace1; 384; 497; 5579
vtrace1; 385; 497; 5579
vtrace1; 378; 497; 5579
vtrace1; 379; 497; 5579
vtrace1; 380; 497; 5579
vtrace1; 381; 497; 5579
vtrace1; 374; 497; 5579
vtrace1; 375; 497; 5579
vtrace1; 376; 497; 5579
vtrace1; 377; 497; 5579
vtrace1; 434; 497; 5579
vtrace1; 435; 497; 5579
vtrace1; 436; 497; 5579
vtrace1; 437; 497; 5579
vtrace1; 430; 497; 5579
vtrace1; 431; 497; 5579
vtrace1; 432; 497; 5579
vtrace1; 433; 497; 5579
vtrace1; 426; 497; 5579
vtrace1; 427; 497; 5579
vtrace1; 428; 497; 5579
vtrace1; 429; 497; 5579
vtrace1; 422; 497; 5579
vtrace1; 423; 497; 5579
vtrace1; 424; 497; 5579
vtrace1; 425; 497; 5579
vtrace1; 418; 497; 5579
vtrace1; 419; 497; 5579
vtrace1; 420; 497; 5579
vtrace1; 421; 497; 5579
vtrace1; 414; 497; 5579
vtrace1; 415; 497; 5579
vtrace1; 416; 497; 5579
vtrace1; 417; 497; 5579
vtrace1; 410; 497; 5579
vtrace1; 411; 497; 5579
vtrace1; 412; 497; 5579
vtrace1; 413; 497; 5579
vtrace1; 406; 497; 5579
vtrace1; 407; 497; 5579
vtrace1; 408; 497; 5579
vtrace1; 409; 497; 5579
vtrace1; 594; 497; 5579
vtrace1; 595; 497; 5579
vtrace1; 596; 497; 5579
vtrace1; 597; 497; 5579
vtrace1; 590; 497; 5579
vtrace1; 591; 497; 5579
vtrace1; 592; 497; 5579
vtrace1; 593; 497; 5579
vtrace1; 586; 497; 5579
vtrace1; 587; 497; 5579
vtrace1; 588; 497; 5579
vtrace1; 589; 497; 5579
vtrace1; 582; 497; 5579
vtrace1; 583; 497; 5579
vtrace1; 584; 497; 5579
vtrace1; 585; 497; 5579
vtrace1; 578; 497; 5579
vtrace1; 579; 497; 5579
vtrace1; 580; 497; 5579
vtrace1; 581; 497; 5579
vtrace1; 574; 497; 5579
vtrace1; 575; 497; 5579
vtrace1; 576; 497; 5579
vtrace1; 577; 497; 5579
vtrace1; 570; 497; 5579
vtrace1; 571; 497; 5579
vtrace1; 572; 497; 5579
vtrace1; 573; 497; 5579
vtrace1; 566; 497; 5579
vtrace1; 567; 497; 5579
vtrace1; 568; 497; 5579
vtrace1; 569; 497; 5579
vtrace1; 626; 497; 5579
vtrace1; 627; 497; 5579
vtrace1; 628; 497; 5579
vtrace1; 629; 497; 5579
vtrace1; 622; 497; 5579
vtrace1; 623; 497; 5579
vtrace1; 624; 497; 5579
vtrace1; 625; 497; 5579
vtrace1; 618; 497; 5579
vtrace1; 619; 497; 5579
vtrace1; 620; 497; 5579
vtrace1; 621; 497; 5579
vtrace1; 614; 497; 5579
vtrace1; 615; 497; 5579
vtrace1; 616; 497; 5579
vtrace1; 617; 497; 5579
vtrace1; 610; 497; 5579
vtrace1; 611; 497; 5579
vtrace1; 612; 497; 5579
vtrace1; 613; 497; 5579
vtrace1; 606; 497; 5579
vtrace1; 607; 497; 5579
vtrace1; 608; 497; 5579
vtrace1; 609; 497; 5579
vtrace1; 602; 497; 5579
vtrace1; 603; 497; 5579
vtrace1; 604; 497; 5579
vtrace1; 605; 497; 5579
vtrace1; 598; 497; 5579
vtrace1; 599; 497; 5579
vtrace1; 600; 497; 5579
vtrace1; 601; 497; 5579
vtrace1; 530; 497; 5579
vtrace1; 531; 497; 5579
vtrace1; 532; 497; 5579
vtrace1; 533; 497; 5579
vtrace1; 526; 497; 5579
vtrace1; 527; 497; 5579
vtrace1; 528; 497; 5579
vtrace1; 529; 497; 5579
vtrace1; 522; 497; 5579
vtrace1; 523; 497; 5579
vtrace1; 524; 497; 5579
vtrace1; 525; 497; 5579
vtrace1; 518; 497; 5579
vtrace1; 519; 497; 5579
vtrace1; 520; 497; 5579
vtrace1; 521; 497; 5579
vtrace1; 514; 497; 5579
vtrace1; 515; 497; 5579
vtrace1; 516; 497; 5579
vtrace1; 517; 497; 5579
vtrace1; 510; 497; 5579
vtrace1; 511; 497; 5579
vtrace1; 512; 497; 5579
vtrace1; 513; 497; 5579
vtrace1; 506; 497; 5579
vtrace1; 507; 497; 5579
vtrace1; 508; 497; 5579
vtrace1; 509; 497; 5579
vtrace1; 502; 497; 5579
vtrace1; 503; 497; 5579
vtrace1; 504; 497; 5579
vtrace1; 505; 497; 5579
vtrace1; 562; 497; 5579
vtrace1; 563; 497; 5579
vtrace1; 564; 497; 5579
vtrace1; 565; 497; 5579
vtrace1; 558; 497; 5579
vtrace1; 559; 497; 5579
vtrace1; 560; 497; 5579
vtrace1; 561; 497; 5579
vtrace1; 554; 497; 5579
vtrace1; 555; 497; 5579
vtrace1; 556; 497; 5579
vtrace1; 557; 497; 5579
vtrace1; 550; 497; 5579
vtrace1; 551; 497; 5579
vtrace1; 552; 497; 5579
vtrace1; 553; 497; 5579
vtrace1; 546; 497; 5579
vtrace1; 547; 497; 5579
vtrace1; 548; 497; 5579
vtrace1; 549; 497; 5579
vtrace1; 542; 497; 5579
vtrace1; 543; 497; 5579
vtrace1; 544; 497; 5579
vtrace1; 545; 497; 5579
vtrace1; 538; 497; 5579
vtrace1; 539; 497; 5579
vtrace1; 540; 497; 5579
vtrace1; 541; 497; 5579
vtrace1; 534; 497; 5579
vtrace1; 535; 497; 5579
vtrace1; 536; 497; 5579
vtrace1; 537; 497; 5579
vtrace1; 722; 497; 5579
vtrace1; 723; 497; 5579
vtrace1; 724; 497; 5579
vtrace1; 725; 497; 5579
vtrace1; 718; 497; 5579
vtrace1; 719; 497; 5579
vtrace1; 720; 497; 5579
vtrace1; 721; 497; 5579
vtrace1; 714; 497; 5579
vtrace1; 715; 497; 5579
vtrace1; 716; 497; 5579
vtrace1; 717; 497; 5579
vtrace1; 710; 497; 5579
vtrace1; 711; 497; 5579
vtrace1; 712; 497; 5579
vtrace1; 713; 497; 5579
vtrace1; 706; 497; 5579
vtrace1; 707; 497; 5579
vtrace1; 708; 497; 5579
vtrace1; 709; 497; 5579
vtrace1; 702; 497; 5579
vtrace1; 703; 497; 5579
vtrace1; 704; 497; 5579
vtrace1; 705; 497; 5579
vtrace1; 698; 497; 5579
vtrace1; 699; 497; 5579
vtrace1; 700; 497; 5579
vtrace1; 701; 497; 5579
vtrace1; 694; 497; 5579
vtrace1; 695; 497; 5579
vtrace1; 696; 497; 5579
vtrace1; 697; 497; 5579
vtrace1; 754; 497; 5579
vtrace1; 755; 497; 5579
vtrace1; 756; 497; 5579
vtrace1; 757; 497; 5579
vtrace1; 750; 497; 5579
vtrace1; 751; 497; 5579
vtrace1; 752; 497; 5579
vtrace1; 753; 497; 5579
vtrace1; 746; 497; 5579
vtrace1; 747; 497; 5579
vtrace1; 748; 497; 5579
vtrace1; 749; 497; 5579
vtrace1; 742; 497; 5579
vtrace1; 743; 497; 5579
vtrace1; 744; 497; 5579
vtrace1; 745; 497; 5579
vtrace1; 738; 497; 5579
vtrace1; 739; 497; 5579
vtrace1; 740; 497; 5579
vtrace1; 741; 497; 5579
vtrace1; 734; 497; 5579
vtrace1; 735; 497; 5579
vtrace1; 736; 497; 5579
vtrace1; 737; 497; 5579
vtrace1; 730; 497; 5579
vtrace1; 731; 497; 5579
vtrace1; 732; 497; 5579
vtrace1; 733; 497; 5579
vtrace1; 726; 497; 5579
vtrace1; 727; 497; 5579
vtrace1; 728; 497; 5579
vtrace1; 729; 497; 5579
vtrace1; 658; 497; 5579
vtrace1; 659; 497; 5579
vtrace1; 660; 497; 5579
vtrace1; 661; 497; 5579
vtrace1; 654; 497; 5579
vtrace1; 655; 497; 5579
vtrace1; 656; 497; 5579
vtrace1; 657; 497; 5579
vtrace1; 650; 497; 5579
vtrace1; 651; 497; 5579
vtrace1; 652; 497; 5579
vtrace1; 653; 497; 5579
vtrace1; 646; 497; 5579
vtrace1; 647; 497; 5579
vtrace1; 648; 497; 5579
vtrace1; 649; 497; 5579
vtrace1; 642; 497; 5579
vtrace1; 643; 497; 5579
vtrace1; 644; 497; 5579
vtrace1; 645; 497; 5579
vtrace1; 638; 497; 5579
vtrace1; 639; 497; 5579
vtrace1; 640; 497; 5579
vtrace1; 641; 497; 5579
vtrace1; 634; 497; 5579
vtrace1; 635; 497; 5579
vtrace1; 636; 497; 5579
vtrace1; 637; 497; 5579
vtrace1; 630; 497; 5579
vtrace1; 631; 497; 5579
vtrace1; 632; 497; 5579
vtrace1; 633; 497; 5579
vtrace1; 690; 497; 5579
vtrace1; 691; 497; 5579
vtrace1; 692; 497; 5579
vtrace1; 693; 497; 5579
vtrace1; 686; 497; 5579
vtrace1; 687; 497; 5579
vtrace1; 688; 497; 5579
vtrace1; 689; 497; 5579
vtrace1; 682; 497; 5579
vtrace1; 683; 497; 5579
vtrace1; 684; 497; 5579
vtrace1; 685; 497; 5579
vtrace1; 678; 497; 5579
vtrace1; 679; 497; 5579
vtrace1; 680; 497; 5579
vtrace1; 681; 497; 5579
vtrace1; 674; 497; 5579
vtrace1; 675; 497; 5579
vtrace1; 676; 497; 5579
vtrace1; 677; 497; 5579
vtrace1; 670; 497; 5579
vtrace1; 671; 497; 5579
vtrace1; 672; 497; 5579
vtrace1; 673; 497; 5579
vtrace1; 666; 497; 5579
vtrace1; 667; 497; 5579
vtrace1; 668; 497; 5579
vtrace1; 669; 497; 5579
vtrace1; 662; 497; 5579
vtrace1; 663; 497; 5579
vtrace1; 664; 497; 5579
vtrace1; 665; 497; 5579
vtrace1; 1106; 497; 5579
vtrace1; 1107; 497; 5579
vtrace1; 1108; 497; 5579
vtrace1; 1109; 497; 5579
vtrace1; 1102; 497; 5579
vtrace1; 1103; 497; 5579
vtrace1; 1104; 497; 5579
vtrace1; 1105; 497; 5579
vtrace1; 1098; 497; 5579
vtrace1; 1099; 497; 5579
vtrace1; 1100; 497; 5579
vtrace1; 1101; 497; 5579
vtrace1; 1094; 497; 5579
vtrace1; 1095; 497; 5579
vtrace1; 1096; 497; 5579
vtrace1; 1097; 497; 5579
vtrace1; 1090; 497; 5579
vtrace1; 1091; 497; 5579
vtrace1; 1092; 497; 5579
vtrace1; 1093; 497; 5579
vtrace1; 1086; 497; 5579
vtrace1; 1087; 497; 5579
vtrace1; 1088; 497; 5579
vtrace1; 1089; 497; 5579
vtrace1; 1082; 497; 5579
vtrace1; 1083; 497; 5579
vtrace1; 1084; 497; 5579
vtrace1; 1085; 497; 5579
vtrace1; 1078; 497; 5579
vtrace1; 1079; 497; 5579
vtrace1; 1080; 497; 5579
vtrace1; 1081; 497; 5579
vtrace1; 1138; 497; 5579
vtrace1; 1139; 497; 5579
vtrace1; 1140; 497; 5579
vtrace1; 1141; 497; 5579
vtrace1; 1134; 497; 5579
vtrace1; 1135; 497; 5579
vtrace1; 1136; 497; 5579
vtrace1; 1137; 497; 5579
vtrace1; 1130; 497; 5579
vtrace1; 1131; 497; 5579
vtrace1; 1132; 497; 5579
vtrace1; 1133; 497; 5579
vtrace1; 1126; 497; 5579
vtrace1; 1127; 497; 5579
vtrace1; 1128; 497; 5579
vtrace1; 1129; 497; 5579
vtrace1; 1122; 497; 5579
vtrace1; 1123; 497; 5579
vtrace1; 1124; 497; 5579
vtrace1; 1125; 497; 5579
vtrace1; 1118; 497; 5579
vtrace1; 1119; 497; 5579
vtrace1; 1120; 497; 5579
vtrace1; 1121; 497; 5579
vtrace1; 1114; 497; 5579
vtrace1; 1115; 497; 5579
vtrace1; 1116; 497; 5579
vtrace1; 1117; 497; 5579
vtrace1; 1110; 497; 5579
vtrace1; 1111; 497; 5579
vtrace1; 1112; 497; 5579
vtrace1; 1113; 497; 5579
vtrace1; 1042; 497; 5579
vtrace1; 1043; 497; 5579
vtrace1; 1044; 497; 5579
vtrace1; 1045; 497; 5579
vtrace1; 1038; 497; 5579
vtrace1; 1039; 497; 5579
vtrace1; 1040; 497; 5579
vtrace1; 1041; 497; 5579
vtrace1; 1034; 497; 5579
vtrace1; 1035; 497; 5579
vtrace1; 1036; 497; 5579
vtrace1; 1037; 497; 5579
vtrace1; 1030; 497; 5579
vtrace1; 1031; 497; 5579
vtrace1; 1032; 497; 5579
vtrace1; 1033; 497; 5579
vtrace1; 1026; 497; 5579
vtrace1; 1027; 497; 5579
vtrace1; 1028; 497; 5579
vtrace1; 1029; 497; 5579
vtrace1; 1024; 497; 5579
vtrace1; 1025; 497; 5579
vtrace1; 1074; 497; 5579
vtrace1; 1075; 497; 5579
vtrace1; 1076; 497; 5579
vtrace1; 1077; 497; 5579
vtrace1; 1070; 497; 5579
vtrace1; 1071; 497; 5579
vtrace1; 1072; 497; 5579
vtrace1; 1073; 497; 5579
vtrace1; 1066; 497; 5579
vtrace1; 1067; 497; 5579
vtrace1; 1068; 497; 5579
vtrace1; 1069; 497; 5579
vtrace1; 1062; 497; 5579
vtrace1; 1063; 497; 5579
vtrace1; 1064; 497; 5579
vtrace1; 1065; 497; 5579
vtrace1; 1058; 497; 5579
vtrace1; 1059; 497; 5579
vtrace1; 1060; 497; 5579
vtrace1; 1061; 497; 5579
vtrace1; 1054; 497; 5579
vtrace1; 1055; 497; 5579
vtrace1; 1056; 497; 5579
vtrace1; 1057; 497; 5579
vtrace1; 1050; 497; 5579
vtrace1; 1051; 497; 5579
vtrace1; 1052; 497; 5579
vtrace1; 1053; 497; 5579
vtrace1; 1046; 497; 5579
vtrace1; 1047; 497; 5579
vtrace1; 1048; 497; 5579
vtrace1; 1049; 497; 5579
vtrace1; 1234; 497; 5579
vtrace1; 1235; 497; 5579
vtrace1; 1236; 497; 5579
vtrace1; 1237; 497; 5579
vtrace1; 1230; 497; 5579
vtrace1; 1231; 497; 5579
vtrace1; 1232; 497; 5579
vtrace1; 1233; 497; 5579
vtrace1; 1226; 497; 5579
vtrace1; 1227; 497; 5579
vtrace1; 1228; 497; 5579
vtrace1; 1229; 497; 5579
vtrace1; 1222; 497; 5579
vtrace1; 1223; 497; 5579
vtrace1; 1224; 497; 5579
vtrace1; 1225; 497; 5579
vtrace1; 1218; 497; 5579
vtrace1; 1219; 497; 5579
vtrace1; 1220; 497; 5579
vtrace1; 1221; 497; 5579
vtrace1; 1214; 497; 5579
vtrace1; 1215; 497; 5579
vtrace1; 1216; 497; 5579
vtrace1; 1217; 497; 5579
vtrace1; 1210; 497; 5579
vtrace1; 1211; 497; 5579
vtrace1; 1212; 497; 5579
vtrace1; 1213; 497; 5579
vtrace1; 1206; 497; 5579
vtrace1; 1207; 497; 5579
vtrace1; 1208; 497; 5579
vtrace1; 1209; 497; 5579
vtrace1; 1266; 497; 5579
vtrace1; 1267; 497; 5579
vtrace1; 1268; 497; 5579
vtrace1; 1269; 497; 5579
vtrace1; 1262; 497; 5579
vtrace1; 1263; 497; 5579
vtrace1; 1264; 497; 5579
vtrace1; 1265; 497; 5579
vtrace1; 1258; 497; 5579
vtrace1; 1259; 497; 5579
vtrace1; 1260; 497; 5579
vtrace1; 1261; 497; 5579
vtrace1; 1254; 497; 5579
vtrace1; 1255; 497; 5579
vtrace1; 1256; 497; 5579
vtrace1; 1257; 497; 5579
vtrace1; 1250; 497; 5579
vtrace1; 1251; 497; 5579
vtrace1; 1252; 497; 5579
vtrace1; 1253; 497; 5579
vtrace1; 1246; 497; 5579
vtrace1; 1247; 497; 5579
vtrace1; 1248; 497; 5579
vtrace1; 1249; 497; 5579
vtrace1; 1242; 497; 5579
vtrace1; 1243; 497; 5579
vtrace1; 1244; 497; 5579
vtrace1; 1245; 497; 5579
vtrace1; 1238; 497; 5579
vtrace1; 1239; 497; 5579
vtrace1; 1240; 497; 5579
vtrace1; 1241; 497; 5579
vtrace1; 1170; 497; 5579
vtrace1; 1171; 497; 5579
vtrace1; 1172; 497; 5579
vtrace1; 1173; 497; 5579
vtrace1; 1166; 497; 5579
vtrace1; 1167; 497; 5579
vtrace1; 1168; 497; 5579
vtrace1; 1169; 497; 5579
vtrace1; 1162; 497; 5579
vtrace1; 1163; 497; 5579
vtrace1; 1164; 497; 5579
vtrace1; 1165; 497; 5579
vtrace1; 1158; 497; 5579
vtrace1; 1159; 497; 5579
vtrace1; 1160; 497; 5579
vtrace1; 1161; 497; 5579
vtrace1; 1154; 497; 5579
vtrace1; 1155; 497; 5579
vtrace1; 1156; 497; 5579
vtrace1; 1157; 497; 5579
vtrace1; 1150; 497; 5579
vtrace1; 1151; 497; 5579
vtrace1; 1152; 497; 5579
vtrace1; 1153; 497; 5579
vtrace1; 1146; 497; 5579
vtrace1; 1147; 497; 5579
vtrace1; 1148; 497; 5579
vtrace1; 1149; 497; 5579
vtrace1; 1142; 497; 5579
vtrace1; 1143; 497; 5579
vtrace1; 1144; 497; 5579
vtrace1; 1145; 497; 5579
vtrace1; 1202; 497; 5579
vtrace1; 1203; 497; 5579
vtrace1; 1204; 497; 5579
vtrace1; 1205; 497; 5579
vtrace1; 1198; 497; 5579
vtrace1; 1199; 497; 5579
vtrace1; 1200; 497; 5579
vtrace1; 1201; 497; 5579
vtrace1; 1194; 497; 5579
vtrace1; 1195; 497; 5579
vtrace1; 1196; 497; 5579
vtrace1; 1197; 497; 5579
vtrace1; 1190; 497; 5579
vtrace1; 1191; 497; 5579
vtrace1; 1192; 497; 5579
vtrace1; 1193; 497; 5579
vtrace1; 1186; 497; 5579
vtrace1; 1187; 497; 5579
vtrace1; 1188; 497; 5579
vtrace1; 1189; 497; 5579
vtrace1; 1182; 497; 5579
vtrace1; 1183; 497; 5579
vtrace1; 1184; 497; 5579
vtrace1; 1185; 497; 5579
vtrace1; 1178; 497; 5579
vtrace1; 1179; 497; 5579
vtrace1; 1180; 497; 5579
vtrace1; 1181; 497; 5579
vtrace1; 1174; 497; 5579
vtrace1; 1175; 497; 5579
vtrace1; 1176; 497; 5579
vtrace1; 1177; 497; 5579
vtrace1; 1362; 497; 5579
vtrace1; 1363; 497; 5579
vtrace1; 1364; 497; 5579
vtrace1; 1365; 497; 5579
vtrace1; 1358; 497; 5579
vtrace1; 1359; 497; 5579
vtrace1; 1360; 497; 5579
vtrace1; 1361; 497; 5579
vtrace1; 1354; 497; 5579
vtrace1; 1355; 497; 5579
vtrace1; 1356; 497; 5579
vtrace1; 1357; 497; 5579
vtrace1; 1350; 497; 5579
vtrace1; 1351; 497; 5579
vtrace1; 1352; 497; 5579
vtrace1; 1353; 497; 5579
vtrace1; 1346; 497; 5579
vtrace1; 1347; 497; 5579
vtrace1; 1348; 497; 5579
vtrace1; 1349; 497; 5579
vtrace1; 1342; 497; 5579
vtrace1; 1343; 497; 5579
vtrace1; 1344; 497; 5579
vtrace1; 1345; 497; 5579
vtrace1; 1338; 497; 5579
vtrace1; 1339; 497; 5579
vtrace1; 1340; 497; 5579
vtrace1; 1341; 497; 5579
vtrace1; 1334; 497; 5579
vtrace1; 1335; 497; 5579
vtrace1; 1336; 497; 5579
vtrace1; 1337; 497; 5579
vtrace1; 1394; 497; 5579
vtrace1; 1395; 497; 5579
vtrace1; 1396; 497; 5579
vtrace1; 1397; 497; 5579
vtrace1; 1390; 497; 5579
vtrace1; 1391; 497; 5579
vtrace1; 1392; 497; 5579
vtrace1; 1393; 497; 5579
vtrace1; 1386; 497; 5579
vtrace1; 1387; 497; 5579
vtrace1; 1388; 497; 5579
vtrace1; 1389; 497; 5579
vtrace1; 1382; 497; 5579
vtrace1; 1383; 497; 5579
vtrace1; 1384; 497; 5579
vtrace1; 1385; 497; 5579
vtrace1; 1378; 497; 5579
vtrace1; 1379; 497; 5579
vtrace1; 1380; 497; 5579
vtrace1; 1381; 497; 5579
vtrace1; 1374; 497; 5579
vtrace1; 1375; 497; 5579
vtrace1; 1376; 497; 5579
vtrace1; 1377; 497; 5579
vtrace1; 1370; 497; 5579
vtrace1; 1371; 497; 5579
vtrace1; 1372; 497; 5579
vtrace1; 1373; 497; 5579
vtrace1; 1366; 497; 5579
vtrace1; 1367; 497; 5579
vtrace1; 1368; 497; 5579
vtrace1; 1369; 497; 5579
vtrace1; 1298; 497; 5579
vtrace1; 1299; 497; 5579
vtrace1; 1300; 497; 5579
vtrace1; 1301; 497; 5579
vtrace1; 1294; 497; 5579
vtrace1; 1295; 497; 5579
vtrace1; 1296; 497; 5579
vtrace1; 1297; 497; 5579
vtrace1; 1290; 497; 5579
vtrace1; 1291; 497; 5579
vtrace1; 1292; 497; 5579
vtrace1; 1293; 497; 5579
vtrace1; 1286; 497; 5579
vtrace1; 1287; 497; 5579
vtrace1; 1288; 497; 5579
vtrace1; 1289; 497; 5579
vtrace1; 1282; 497; 5579
vtrace1; 1283; 497; 5579
vtrace1; 1284; 497; 5579
vtrace1; 1285; 497; 5579
vtrace1; 1278; 497; 5579
vtrace1; 1279; 497; 5579
vtrace1; 1280; 497; 5579
vtrace1; 1281; 497; 5579
vtrace1; 1274; 497; 5579
vtrace1; 1275; 497; 5579
vtrace1; 1276; 497; 5579
vtrace1; 1277; 497; 5579
vtrace1; 1270; 497; 5579
vtrace1; 1271; 497; 5579
vtrace1; 1272; 497; 5579
vtrace1; 1273; 497; 5579
vtrace1; 1330; 497; 5579
vtrace1; 1331; 497; 5579
vtrace1; 1332; 497; 5579
vtrace1; 1333; 497; 5579
vtrace1; 1326; 497; 5579
vtrace1; 1327; 497; 5579
vtrace1; 1328; 497; 5579
vtrace1; 1329; 497; 5579
vtrace1; 1322; 497; 5579
vtrace1; 1323; 497; 5579
vtrace1; 1324; 497; 5579
vtrace1; 1325; 497; 5579
vtrace1; 1318; 497; 5579
vtrace1; 1319; 497; 5579
vtrace1; 1320; 497; 5579
vtrace1; 1321; 497; 5579
vtrace1; 1314; 497; 5579
vtrace1; 1315; 497; 5579
vtrace1; 1316; 497; 5579
vtrace1; 1317; 497; 5579
vtrace1; 1310; 497; 5579
vtrace1; 1311; 497; 5579
vtrace1; 1312; 497; 5579
vtrace1; 1313; 497; 5579
vtrace1; 1306; 497; 5579
vtrace1; 1307; 497; 5579
vtrace1; 1308; 497; 5579
vtrace1; 1309; 497; 5579
vtrace1; 1302; 497; 5579
vtrace1; 1303; 497; 5579
vtrace1; 1304; 497; 5579
vtrace1; 1305; 497; 5579
vtrace1; 1490; 497; 5579
vtrace1; 1491; 497; 5579
vtrace1; 1492; 497; 5579
vtrace1; 1493; 497; 5579
vtrace1; 1486; 497; 5579
vtrace1; 1487; 497; 5579
vtrace1; 1488; 497; 5579
vtrace1; 1489; 497; 5579
vtrace1; 1482; 497; 5579
vtrace1; 1483; 497; 5579
vtrace1; 1484; 497; 5579
vtrace1; 1485; 497; 5579
vtrace1; 1478; 497; 5579
vtrace1; 1479; 497; 5579
vtrace1; 1480; 497; 5579
vtrace1; 1481; 497; 5579
vtrace1; 1474; 497; 5579
vtrace1; 1475; 497; 5579
vtrace1; 1476; 497; 5579
vtrace1; 1477; 497; 5579
vtrace1; 1470; 497; 5579
vtrace1; 1471; 497; 5579
vtrace1; 1472; 497; 5579
vtrace1; 1473; 497; 5579
vtrace1; 1466; 497; 5579
vtrace1; 1467; 497; 5579
vtrace1; 1468; 497; 5579
vtrace1; 1469; 497; 5579
vtrace1; 1462; 497; 5579
vtrace1; 1463; 497; 5579
vtrace1; 1464; 497; 5579
vtrace1; 1465; 497; 5579
vtrace1; 1522; 497; 5579
vtrace1; 1523; 497; 5579
vtrace1; 1524; 497; 5579
vtrace1; 1525; 497; 5579
vtrace1; 1518; 497; 5579
vtrace1; 1519; 497; 5579
vtrace1; 1520; 497; 5579
vtrace1; 1521; 497; 5579
vtrace1; 1514; 497; 5579
vtrace1; 1515; 497; 5579
vtrace1; 1516; 497; 5579
vtrace1; 1517; 497; 5579
vtrace1; 1510; 497; 5579
vtrace1; 1511; 497; 5579
vtrace1; 1512; 497; 5579
vtrace1; 1513; 497; 5579
vtrace1; 1506; 497; 5579
vtrace1; 1507; 497; 5579
vtrace1; 1508; 497; 5579
vtrace1; 1509; 497; 5579
vtrace1; 1502; 497; 5579
vtrace1; 1503; 497; 5579
vtrace1; 1504; 497; 5579
vtrace1; 1505; 497; 5579
vtrace1; 1498; 497; 5579
vtrace1; 1499; 497; 5579
vtrace1; 1500; 497; 5579
vtrace1; 1501; 497; 5579
vtrace1; 1494; 497; 5579
vtrace1; 1495; 497; 5579
vtrace1; 1496; 497; 5579
vtrace1; 1497; 497; 5579
vtrace1; 1426; 497; 5579
vtrace1; 1427; 497; 5579
vtrace1; 1428; 497; 5579
vtrace1; 1429; 497; 5579
vtrace1; 1422; 497; 5579
vtrace1; 1423; 497; 5579
vtrace1; 1424; 497; 5579
vtrace1; 1425; 497; 5579
vtrace1; 1418; 497; 5579
vtrace1; 1419; 497; 5579
vtrace1; 1420; 497; 5579
vtrace1; 1421; 497; 5579
vtrace1; 1414; 497; 5579
vtrace1; 1415; 497; 5579
vtrace1; 1416; 497; 5579
vtrace1; 1417; 497; 5579
vtrace1; 1410; 497; 5579
vtrace1; 1411; 497; 5579
vtrace1; 1412; 497; 5579
vtrace1; 1413; 497; 5579
vtrace1; 1406; 497; 5579
vtrace1; 1407; 497; 5579
vtrace1; 1408; 497; 5579
vtrace1; 1409; 497; 5579
vtrace1; 1402; 497; 5579
vtrace1; 1403; 497; 5579
vtrace1; 1404; 497; 5579
vtrace1; 1405; 497; 5579
vtrace1; 1398; 497; 5579
vtrace1; 1399; 497; 5579
vtrace1; 1400; 497; 5579
vtrace1; 1401; 497; 5579
vtrace1; 1458; 497; 5579
vtrace1; 1459; 497; 5579
vtrace1; 1460; 497; 5579
vtrace1; 1461; 497; 5579
vtrace1; 1454; 497; 5579
vtrace1; 1455; 497; 5579
vtrace1; 1456; 497; 5579
vtrace1; 1457; 497; 5579
vtrace1; 1450; 497; 5579
vtrace1; 1451; 497; 5579
vtrace1; 1452; 497; 5579
vtrace1; 1453; 497; 5579
vtrace1; 1446; 497; 5579
vtrace1; 1447; 497; 5579
vtrace1; 1448; 497; 5579
vtrace1; 1449; 497; 5579
vtrace1; 1442; 497; 5579
vtrace1; 1443; 497; 5579
vtrace1; 1444; 497; 5579
vtrace1; 1445; 497; 5579
vtrace1; 1438; 497; 5579
vtrace1; 1439; 497; 5579
vtrace1; 1440; 497; 5579
vtrace1; 1441; 497; 5579
vtrace1; 1434; 497; 5579
vtrace1; 1435; 497; 5579
vtrace1; 1436; 497; 5579
vtrace1; 1437; 497; 5579
vtrace1; 1430; 497; 5579
vtrace1; 1431; 497; 5579
vtrace1; 1432; 497; 5579
vtrace1; 1433; 497; 5579
vtrace1; 1618; 497; 5579
vtrace1; 1619; 497; 5579
vtrace1; 1620; 497; 5579
vtrace1; 1621; 497; 5579
vtrace1; 1614; 497; 5579
vtrace1; 1615; 497; 5579
vtrace1; 1616; 497; 5579
vtrace1; 1617; 497; 5579
vtrace1; 1610; 497; 5579
vtrace1; 1611; 497; 5579
vtrace1; 1612; 497; 5579
vtrace1; 1613; 497; 5579
vtrace1; 1606; 497; 5579
vtrace1; 1607; 497; 5579
vtrace1; 1608; 497; 5579
vtrace1; 1609; 497; 5579
vtrace1; 1602; 497; 5579
vtrace1; 1603; 497; 5579
vtrace1; 1604; 497; 5579
vtrace1; 1605; 497; 5579
vtrace1; 1598; 497; 5579
vtrace1; 1599; 497; 5579
vtrace1; 1600; 497; 5579
vtrace1; 1601; 497; 5579
vtrace1; 1594; 497; 5579
vtrace1; 1595; 497; 5579
vtrace1; 1596; 497; 5579
vtrace1; 1597; 497; 5579
vtrace1; 1590; 497; 5579
vtrace1; 1591; 497; 5579
vtrace1; 1592; 497; 5579
vtrace1; 1593; 497; 5579
vtrace1; 1650; 497; 5579
vtrace1; 1651; 497; 5579
vtrace1; 1652; 497; 5579
vtrace1; 1653; 497; 5579
vtrace1; 1646; 497; 5579
vtrace1; 1647; 497; 5579
vtrace1; 1648; 497; 5579
vtrace1; 1649; 497; 5579
vtrace1; 1642; 497; 5579
vtrace1; 1643; 497; 5579
vtrace1; 1644; 497; 5579
vtrace1; 1645; 497; 5579
vtrace1; 1638; 497; 5579
vtrace1; 1639; 497; 5579
vtrace1; 1640; 497; 5579
vtrace1; 1641; 497; 5579
vtrace1; 1634; 497; 5579
vtrace1; 1635; 497; 5579
vtrace1; 1636; 497; 5579
vtrace1; 1637; 497; 5579
vtrace1; 1630; 497; 5579
vtrace1; 1631; 497; 5579
vtrace1; 1632; 497; 5579
vtrace1; 1633; 497; 5579
vtrace1; 1626; 497; 5579
vtrace1; 1627; 497; 5579
vtrace1; 1628; 497; 5579
vtrace1; 1629; 497; 5579
vtrace1; 1622; 497; 5579
vtrace1; 1623; 497; 5579
vtrace1; 1624; 497; 5579
vtrace1; 1625; 497; 5579
vtrace1; 1554; 497; 5579
vtrace1; 1555; 497; 5579
vtrace1; 1556; 497; 5579
vtrace1; 1557; 497; 5579
vtrace1; 1550; 497; 5579
vtrace1; 1551; 497; 5579
vtrace1; 1552; 497; 5579
vtrace1; 1553; 497; 5579
vtrace1; 1546; 497; 5579
vtrace1; 1547; 497; 5579
vtrace1; 1548; 497; 5579
vtrace1; 1549; 497; 5579
vtrace1; 1542; 497; 5579
vtrace1; 1543; 497; 5579
vtrace1; 1544; 497; 5579
vtrace1; 1545; 497; 5579
vtrace1; 1538; 497; 5579
vtrace1; 1539; 497; 5579
vtrace1; 1540; 497; 5579
vtrace1; 1541; 497; 5579
vtrace1; 1534; 497; 5579
vtrace1; 1535; 497; 5579
vtrace1; 1536; 497; 5579
vtrace1; 1537; 497; 5579
vtrace1; 1530; 497; 5579
vtrace1; 1531; 497; 5579
vtrace1; 1532; 497; 5579
vtrace1; 1533; 497; 5579
vtrace1; 1526; 497; 5579
vtrace1; 1527; 497; 5579
vtrace1; 1528; 497; 5579
vtrace1; 1529; 497; 5579
vtrace1; 1586; 497; 5579
vtrace1; 1587; 497; 5579
vtrace1; 1588; 497; 5579
vtrace1; 1589; 497; 5579
vtrace1; 1582; 497; 5579
vtrace1; 1583; 497; 5579
vtrace1; 1584; 497; 5579
vtrace1; 1585; 497; 5579
vtrace1; 1578; 497; 5579
vtrace1; 1579; 497; 5579
vtrace1; 1580; 497; 5579
vtrace1; 1581; 497; 5579
vtrace1; 1574; 497; 5579
vtrace1; 1575; 497; 5579
vtrace1; 1576; 497; 5579
vtrace1; 1577; 497; 5579
vtrace1; 1570; 497; 5579
vtrace1; 1571; 497; 5579
vtrace1; 1572; 497; 5579
vtrace1; 1573; 497; 5579
vtrace1; 1566; 497; 5579
vtrace1; 1567; 497; 5579
vtrace1; 1568; 497; 5579
vtrace1; 1569; 497; 5579
vtrace1; 1562; 497; 5579
vtrace1; 1563; 497; 5579
vtrace1; 1564; 497; 5579
vtrace1; 1565; 497; 5579
vtrace1; 1558; 497; 5579
vtrace1; 1559; 497; 5579
vtrace1; 1560; 497; 5579
vtrace1; 1561; 497; 5579
vtrace1; 1746; 497; 5579
vtrace1; 1747; 497; 5579
vtrace1; 1748; 497; 5579
vtrace1; 1749; 497; 5579
vtrace1; 1742; 497; 5579
vtrace1; 1743; 497; 5579
vtrace1; 1744; 497; 5579
vtrace1; 1745; 497; 5579
vtrace1; 1738; 497; 5579
vtrace1; 1739; 497; 5579
vtrace1; 1740; 497; 5579
vtrace1; 1741; 497; 5579
vtrace1; 1734; 497; 5579
vtrace1; 1735; 497; 5579
vtrace1; 1736; 497; 5579
vtrace1; 1737; 497; 5579
vtrace1; 1730; 497; 5579
vtrace1; 1731; 497; 5579
vtrace1; 1732; 497; 5579
vtrace1; 1733; 497; 5579
vtrace1; 1726; 497; 5579
vtrace1; 1727; 497; 5579
vtrace1; 1728; 497; 5579
vtrace1; 1729; 497; 5579
vtrace1; 1722; 497; 5579
vtrace1; 1723; 497; 5579
vtrace1; 1724; 497; 5579
vtrace1; 1725; 497; 5579
vtrace1; 1718; 497; 5579
vtrace1; 1719; 497; 5579
vtrace1; 1720; 497; 5579
vtrace1; 1721; 497; 5579
vtrace1; 1778; 497; 5579
vtrace1; 1779; 497; 5579
vtrace1; 1780; 497; 5579
vtrace1; 1781; 497; 5579
vtrace1; 1774; 497; 5579
vtrace1; 1775; 497; 5579
vtrace1; 1776; 497; 5579
vtrace1; 1777; 497; 5579
vtrace1; 1770; 497; 5579
vtrace1; 1771; 497; 5579
vtrace1; 1772; 497; 5579
vtrace1; 1773; 497; 5579
vtrace1; 1766; 497; 5579
vtrace1; 1767; 497; 5579
vtrace1; 1768; 497; 5579
vtrace1; 1769; 497; 5579
vtrace1; 1762; 497; 5579
vtrace1; 1763; 497; 5579
vtrace1; 1764; 497; 5579
vtrace1; 1765; 497; 5579
vtrace1; 1758; 497; 5579
vtrace1; 1759; 497; 5579
vtrace1; 1760; 497; 5579
vtrace1; 1761; 497; 5579
vtrace1; 1754; 497; 5579
vtrace1; 1755; 497; 5579
vtrace1; 1756; 497; 5579
vtrace1; 1757; 497; 5579
vtrace1; 1750; 497; 5579
vtrace1; 1751; 497; 5579
vtrace1; 1752; 497; 5579
vtrace1; 1753; 497; 5579
vtrace1; 1682; 497; 5579
vtrace1; 1683; 497; 5579
vtrace1; 1684; 497; 5579
vtrace1; 1685; 497; 5579
vtrace1; 1678; 497; 5579
vtrace1; 1679; 497; 5579
vtrace1; 1680; 497; 5579
vtrace1; 1681; 497; 5579
vtrace1; 1674; 497; 5579
vtrace1; 1675; 497; 5579
vtrace1; 1676; 497; 5579
vtrace1; 1677; 497; 5579
vtrace1; 1670; 497; 5579
vtrace1; 1671; 497; 5579
vtrace1; 1672; 497; 5579
vtrace1; 1673; 497; 5579
vtrace1; 1666; 497; 5579
vtrace1; 1667; 497; 5579
vtrace1; 1668; 497; 5579
vtrace1; 1669; 497; 5579
vtrace1; 1662; 497; 5579
vtrace1; 1663; 497; 5579
vtrace1; 1664; 497; 5579
vtrace1; 1665; 497; 5579
vtrace1; 1658; 497; 5579
vtrace1; 1659; 497; 5579
vtrace1; 1660; 497; 5579
vtrace1; 1661; 497; 5579
vtrace1; 1654; 497; 5579
vtrace1; 1655; 497; 5579
vtrace1; 1656; 497; 5579
vtrace1; 1657; 497; 5579
vtrace1; 1714; 497; 5579
vtrace1; 1715; 497; 5579
vtrace1; 1716; 497; 5579
vtrace1; 1717; 497; 5579
vtrace1; 1710; 497; 5579
vtrace1; 1711; 497; 5579
vtrace1; 1712; 497; 5579
vtrace1; 1713; 497; 5579
vtrace1; 1706; 497; 5579
vtrace1; 1707; 497; 5579
vtrace1; 1708; 497; 5579
vtrace1; 1709; 497; 5579
vtrace1; 1702; 497; 5579
vtrace1; 1703; 497; 5579
vtrace1; 1704; 497; 5579
vtrace1; 1705; 497; 5579
vtrace1; 1698; 497; 5579
vtrace1; 1699; 497; 5579
vtrace1; 1700; 497; 5579
vtrace1; 1701; 497; 5579
vtrace1; 1694; 497; 5579
vtrace1; 1695; 497; 5579
vtrace1; 1696; 497; 5579
vtrace1; 1697; 497; 5579
vtrace1; 1690; 497; 5579
vtrace1; 1691; 497; 5579
vtrace1; 1692; 497; 5579
vtrace1; 1693; 497; 5579
vtrace1; 1686; 497; 5579
vtrace1; 1687; 497; 5579
vtrace1; 1688; 497; 5579
vtrace1; 1689; 497; 5579
vtrace1; 850; 497; 5579
vtrace1; 851; 497; 5579
vtrace1; 852; 497; 5579
vtrace1; 853; 497; 5579
vtrace1; 846; 497; 5579
vtrace1; 847; 497; 5579
vtrace1; 848; 497; 5579
vtrace1; 849; 497; 5579
vtrace1; 842; 497; 5579
vtrace1; 843; 497; 5579
vtrace1; 844; 497; 5579
vtrace1; 845; 497; 5579
vtrace1; 838; 497; 5579
vtrace1; 839; 497; 5579
vtrace1; 840; 497; 5579
vtrace1; 841; 497; 5579
vtrace1; 834; 497; 5579
vtrace1; 835; 497; 5579
vtrace1; 836; 497; 5579
vtrace1; 837; 497; 5579
vtrace1; 830; 497; 5579
vtrace1; 831; 497; 5579
vtrace1; 832; 497; 5579
vtrace1; 833; 497; 5579
vtrace1; 826; 497; 5579
vtrace1; 827; 497; 5579
vtrace1; 828; 497; 5579
vtrace1; 829; 497; 5579
vtrace1; 822; 497; 5579
vtrace1; 823; 497; 5579
vtrace1; 824; 497; 5579
vtrace1; 825; 497; 5579
vtrace1; 882; 497; 5579
vtrace1; 883; 497; 5579
vtrace1; 884; 497; 5579
vtrace1; 885; 497; 5579
vtrace1; 878; 497; 5579
vtrace1; 879; 497; 5579
vtrace1; 880; 497; 5579
vtrace1; 881; 497; 5579
vtrace1; 874; 497; 5579
vtrace1; 875; 497; 5579
vtrace1; 876; 497; 5579
vtrace1; 877; 497; 5579
vtrace1; 870; 497; 5579
vtrace1; 871; 497; 5579
vtrace1; 872; 497; 5579
vtrace1; 873; 497; 5579
vtrace1; 866; 497; 5579
vtrace1; 867; 497; 5579
vtrace1; 868; 497; 5579
vtrace1; 869; 497; 5579
vtrace1; 862; 497; 5579
vtrace1; 863; 497; 5579
vtrace1; 864; 497; 5579
vtrace1; 865; 497; 5579
vtrace1; 858; 497; 5579
vtrace1; 859; 497; 5579
vtrace1; 860; 497; 5579
vtrace1; 861; 497; 5579
vtrace1; 854; 497; 5579
vtrace1; 855; 497; 5579
vtrace1; 856; 497; 5579
vtrace1; 857; 497; 5579
vtrace1; 786; 497; 5579
vtrace1; 787; 497; 5579
vtrace1; 788; 497; 5579
vtrace1; 789; 497; 5579
vtrace1; 782; 497; 5579
vtrace1; 783; 497; 5579
vtrace1; 784; 497; 5579
vtrace1; 785; 497; 5579
vtrace1; 778; 497; 5579
vtrace1; 779; 497; 5579
vtrace1; 780; 497; 5579
vtrace1; 781; 497; 5579
vtrace1; 774; 497; 5579
vtrace1; 775; 497; 5579
vtrace1; 776; 497; 5579
vtrace1; 777; 497; 5579
vtrace1; 770; 497; 5579
vtrace1; 771; 497; 5579
vtrace1; 772; 497; 5579
vtrace1; 773; 497; 5579
vtrace1; 766; 497; 5579
vtrace1; 767; 497; 5579
vtrace1; 768; 497; 5579
vtrace1; 769; 497; 5579
vtrace1; 762; 497; 5579
vtrace1; 763; 497; 5579
vtrace1; 764; 497; 5579
vtrace1; 765; 497; 5579
vtrace1; 758; 497; 5579
vtrace1; 759; 497; 5579
vtrace1; 760; 497; 5579
vtrace1; 761; 497; 5579
vtrace1; 818; 497; 5579
vtrace1; 819; 497; 5579
vtrace1; 820; 497; 5579
vtrace1; 821; 497; 5579
vtrace1; 814; 497; 5579
vtrace1; 815; 497; 5579
vtrace1; 816; 497; 5579
vtrace1; 817; 497; 5579
vtrace1; 810; 497; 5579
vtrace1; 811; 497; 5579
vtrace1; 812; 497; 5579
vtrace1; 813; 497; 5579
vtrace1; 806; 497; 5579
vtrace1; 807; 497; 5579
vtrace1; 808; 497; 5579
vtrace1; 809; 497; 5579
vtrace1; 802; 497; 5579
vtrace1; 803; 497; 5579
vtrace1; 804; 497; 5579
vtrace1; 805; 497; 5579
vtrace1; 798; 497; 5579
vtrace1; 799; 497; 5579
vtrace1; 800; 497; 5579
vtrace1; 801; 497; 5579
vtrace1; 794; 497; 5579
vtrace1; 795; 497; 5579
vtrace1; 796; 497; 5579
vtrace1; 797; 497; 5579
vtrace1; 790; 497; 5579
vtrace1; 791; 497; 5579
vtrace1; 792; 497; 5579
vtrace1; 793; 497; 5579
vtrace1; 978; 497; 5579
vtrace1; 979; 497; 5579
vtrace1; 980; 497; 5579
vtrace1; 981; 497; 5579
vtrace1; 974; 497; 5579
vtrace1; 975; 497; 5579
vtrace1; 976; 497; 5579
vtrace1; 977; 497; 5579
vtrace1; 970; 497; 5579
vtrace1; 971; 497; 5579
vtrace1; 972; 497; 5579
vtrace1; 973; 497; 5579
vtrace1; 966; 497; 5579
vtrace1; 967; 497; 5579
vtrace1; 968; 497; 5579
vtrace1; 969; 497; 5579
vtrace1; 962; 497; 5579
vtrace1; 963; 497; 5579
vtrace1; 964; 497; 5579
vtrace1; 965; 497; 5579
vtrace1; 958; 497; 5579
vtrace1; 959; 497; 5579
vtrace1; 960; 497; 5579
vtrace1; 961; 497; 5579
vtrace1; 954; 497; 5579
vtrace1; 955; 497; 5579
vtrace1; 956; 497; 5579
vtrace1; 957; 497; 5579
vtrace1; 950; 497; 5579
vtrace1; 951; 497; 5579
vtrace1; 952; 497; 5579
vtrace1; 953; 497; 5579
vtrace1; 1010; 497; 5579
vtrace1; 1011; 497; 5579
vtrace1; 1012; 497; 5579
vtrace1; 1013; 497; 5579
vtrace1; 1006; 497; 5579
vtrace1; 1007; 497; 5579
vtrace1; 1008; 497; 5579
vtrace1; 1009; 497; 5579
vtrace1; 1002; 497; 5579
vtrace1; 1003; 497; 5579
vtrace1; 1004; 497; 5579
vtrace1; 1005; 497; 5579
vtrace1; 998; 497; 5579
vtrace1; 999; 497; 5579
vtrace1; 1000; 497; 5579
vtrace1; 1001; 497; 5579
vtrace1; 994; 497; 5579
vtrace1; 995; 497; 5579
vtrace1; 996; 497; 5579
vtrace1; 997; 497; 5579
vtrace1; 990; 497; 5579
vtrace1; 991; 497; 5579
vtrace1; 992; 497; 5579
vtrace1; 993; 497; 5579
vtrace1; 986; 497; 5579
vtrace1; 987; 497; 5579
vtrace1; 988; 497; 5579
vtrace1; 989; 497; 5579
vtrace1; 982; 497; 5579
vtrace1; 983; 497; 5579
vtrace1; 984; 497; 5579
vtrace1; 985; 497; 5579
vtrace1; 914; 497; 5579
vtrace1; 915; 497; 5579
vtrace1; 916; 497; 5579
vtrace1; 917; 497; 5579
vtrace1; 910; 497; 5579
vtrace1; 911; 497; 5579
vtrace1; 912; 497; 5579
vtrace1; 913; 497; 5579
vtrace1; 906; 497; 5579
vtrace1; 907; 497; 5579
vtrace1; 908; 497; 5579
vtrace1; 909; 497; 5579
vtrace1; 902; 497; 5579
vtrace1; 903; 497; 5579
vtrace1; 904; 497; 5579
vtrace1; 905; 497; 5579
vtrace1; 898; 497; 5579
vtrace1; 899; 497; 5579
vtrace1; 900; 497; 5579
vtrace1; 901; 497; 5579
vtrace1; 894; 497; 5579
vtrace1; 895; 497; 5579
vtrace1; 896; 497; 5579
vtrace1; 897; 497; 5579
vtrace1; 890; 497; 5579
vtrace1; 891; 497; 5579
vtrace1; 892; 497; 5579
vtrace1; 893; 497; 5579
vtrace1; 886; 497; 5579
vtrace1; 887; 497; 5579
vtrace1; 888; 497; 5579
vtrace1; 889; 497; 5579
vtrace1; 946; 497; 5579
vtrace1; 947; 497; 5579
vtrace1; 948; 497; 5579
vtrace1; 949; 497; 5579
vtrace1; 942; 497; 5579
vtrace1; 943; 497; 5579
vtrace1; 944; 497; 5579
vtrace1; 945; 497; 5579
vtrace1; 938; 497; 5579
vtrace1; 939; 497; 5579
vtrace1; 940; 497; 5579
vtrace1; 941; 497; 5579
vtrace1; 934; 497; 5579
vtrace1; 935; 497; 5579
vtrace1; 936; 497; 5579
vtrace1; 937; 497; 5579
vtrace1; 930; 497; 5579
vtrace1; 931; 497; 5579
vtrace1; 932; 497; 5579
vtrace1; 933; 497; 5579
vtrace1; 926; 497; 5579
vtrace1; 927; 497; 5579
vtrace1; 928; 497; 5579
vtrace1; 929; 497; 5579
vtrace1; 922; 497; 5579
vtrace1; 923; 497; 5579
vtrace1; 924; 497; 5579
vtrace1; 925; 497; 5579
vtrace1; 918; 497; 5579
vtrace1; 919; 497; 5579
vtrace1; 920; 497; 5579
vtrace1; 921; 497; 5579
vtrace1; 1022; 497; 5579
vtrace1; 1023; 497; 5579
vtrace1; 1018; 497; 5579
vtrace1; 1019; 497; 5579
vtrace1; 1020; 497; 5579
vtrace1; 1021; 497; 5579
vtrace1; 1014; 497; 5579
vtrace1; 1015; 497; 5579
vtrace1; 1016; 497; 5579
vtrace1; 1017; 497; 5579
