vtrace1; I a; I q; I b; I r
vtrace1; 2045; 716; -1752; 1256477
vtrace1; 2045; 1945; -1752; 3409685
vtrace1; 2045; 966; -1752; 1694477
vtrace1; 2045; 1695; -1752; 2971685
vtrace1; 2045; 1840; -1752; 3225725
vtrace1; 2045; 375; -1752; 659045
vtrace1; 2045; 1361; -1752; 2386517
vtrace1; 2045; 1104; -1752; 1936253
vtrace1; 2045; 861; -1752; 1510517
vtrace1; 2045; 1702; -1752; 2983949
vtrace1; 2045; 959; -1752; 1682213
vtrace1; 2045; 1597; -1752; 2799989
vtrace1; 2045; 1452; -1752; 2545949
vtrace1; 2045; 1938; -1752; 3397421
vtrace1; 2045; 625; -1752; 1097045
vtrace1; 2045; 875; -1752; 1535045
vtrace1; 2045; 1931; -1752; 3385157
vtrace1; 2045; 1445; -1752; 2533685
vtrace1; 2045; 1202; -1752; 2107949
vtrace1; 2045; 1674; -1752; 2934893
vtrace1; 2045; 8; -1752; 16061
vtrace1; 2045; 632; -1752; 1109309
vtrace1; 2045; 618; -1752; 1084781
vtrace1; 2045; 1438; -1752; 2521421
vtrace1; 2045; 1688; -1752; 2959421
vtrace1; 2045; 1209; -1752; 2120213
vtrace1; 2045; 1459; -1752; 2558213
vtrace1; 2045; 1924; -1752; 3372893
vtrace1; 2045; 15; -1752; 28325
vtrace1; 2045; 868; -1752; 1522781
vtrace1; 2045; 258; -1752; 454061
vtrace1; 2045; 382; -1752; 671309
vtrace1; 2045; 1111; -1752; 1948517
vtrace1; 2045; 1139; -1752; 1997573
vtrace1; 2045; 160; -1752; 282365
vtrace1; 2045; 265; -1752; 466325
vtrace1; 2045; 515; -1752; 904325
vtrace1; 2045; 889; -1752; 1559573
vtrace1; 2045; 1618; -1752; 2836781
vtrace1; 2045; 1854; -1752; 3250253
vtrace1; 2045; 1118; -1752; 1960781
vtrace1; 2045; 22; -1752; 40589
vtrace1; 2045; 1875; -1752; 3287045
vtrace1; 2045; 1375; -1752; 2411045
vtrace1; 2045; 1861; -1752; 3262517
vtrace1; 2045; 417; -1752; 732629
vtrace1; 2045; 167; -1752; 294629
vtrace1; 2045; 1382; -1752; 2423309
vtrace1; 2045; 639; -1752; 1121573
vtrace1; 2045; 1277; -1752; 2239349
vtrace1; 2045; 1520; -1752; 2665085
vtrace1; 2045; 1625; -1752; 2849045
vtrace1; 2045; 882; -1752; 1547309
vtrace1; 2045; 1125; -1752; 1973045
vtrace1; 2045; 1604; -1752; 2812253
vtrace1; 2045; 1153; -1752; 2022101
vtrace1; 2045; 1354; -1752; 2374253
vtrace1; 2045; 660; -1752; 1158365
vtrace1; 2045; 903; -1752; 1584101
vtrace1; 2045; 1132; -1752; 1985309
vtrace1; 2045; 1847; -1752; 3237989
vtrace1; 2045; 181; -1752; 319157
vtrace1; 2045; 653; -1752; 1146101
vtrace1; 2045; 1368; -1752; 2398781
vtrace1; 2045; 410; -1752; 720365
vtrace1; 2045; 1611; -1752; 2824517
vtrace1; 2045; 896; -1752; 1571837
vtrace1; 2045; 174; -1752; 306893
vtrace1; 2045; 424; -1752; 744893
vtrace1; 2045; 917; -1752; 1608629
vtrace1; 2045; 195; -1752; 343685
vtrace1; 2045; 674; -1752; 1182893
vtrace1; 2045; 1770; -1752; 3103085
vtrace1; 2045; 431; -1752; 757157
vtrace1; 2045; 1784; -1752; 3127613
vtrace1; 2045; 667; -1752; 1170629
vtrace1; 2045; 1410; -1752; 2472365
vtrace1; 2045; 1534; -1752; 2689613
vtrace1; 2045; 97; -1752; 171989
vtrace1; 2045; 1868; -1752; 3274781
vtrace1; 2045; 333; -1752; 585461
vtrace1; 2045; 1777; -1752; 3115349
vtrace1; 2045; 1167; -1752; 2046629
vtrace1; 2045; 188; -1752; 331421
vtrace1; 2045; 438; -1752; 769421
vtrace1; 2045; 576; -1752; 1011197
vtrace1; 2045; 833; -1752; 1461461
vtrace1; 2045; 1527; -1752; 2677349
vtrace1; 2045; 1160; -1752; 2034365
vtrace1; 2045; 90; -1752; 159725
vtrace1; 2045; 340; -1752; 597725
vtrace1; 2045; 681; -1752; 1195157
vtrace1; 2045; 931; -1752; 1633157
vtrace1; 2045; 583; -1752; 1023461
vtrace1; 2045; 910; -1752; 1596365
vtrace1; 2045; 597; -1752; 1047989
vtrace1; 2045; 826; -1752; 1449197
vtrace1; 2045; 1076; -1752; 1887197
vtrace1; 2045; 1812; -1752; 3176669
vtrace1; 2045; 104; -1752; 184253
vtrace1; 2045; 347; -1752; 609989
vtrace1; 2045; 354; -1752; 622253
vtrace1; 2045; 1333; -1752; 2337461
vtrace1; 2045; 1174; -1752; 2058893
vtrace1; 2045; 1069; -1752; 1874933
vtrace1; 2045; 111; -1752; 196517
vtrace1; 2045; 1562; -1752; 2738669
vtrace1; 2045; 1805; -1752; 3164405
vtrace1; 2045; 924; -1752; 1620893
vtrace1; 2045; 1417; -1752; 2484629
vtrace1; 2045; 1667; -1752; 2922629
vtrace1; 2045; 1791; -1752; 3139877
vtrace1; 2045; 1090; -1752; 1911725
vtrace1; 2045; 1312; -1752; 2300669
vtrace1; 2045; 590; -1752; 1035725
vtrace1; 2045; 361; -1752; 634517
vtrace1; 2045; 847; -1752; 1485989
vtrace1; 2045; 118; -1752; 208781
vtrace1; 2045; 1319; -1752; 2312933
vtrace1; 2045; 1569; -1752; 2750933
vtrace1; 2045; 840; -1752; 1473725
vtrace1; 2045; 1083; -1752; 1899461
vtrace1; 2045; 611; -1752; 1072517
vtrace1; 2045; 1340; -1752; 2349725
vtrace1; 2045; 1590; -1752; 2787725
vtrace1; 2045; 1728; -1752; 3029501
vtrace1; 2045; 1985; -1752; 3479765
vtrace1; 2045; 132; -1752; 233309
vtrace1; 2045; 999; -1752; 1752293
vtrace1; 2045; 756; -1752; 1326557
vtrace1; 2045; 1485; -1752; 2603765
vtrace1; 2045; 1242; -1752; 2178029
vtrace1; 2045; 604; -1752; 1060253
vtrace1; 2045; 139; -1752; 245573
vtrace1; 2045; 1833; -1752; 3213461
vtrace1; 2045; 1097; -1752; 1923989
vtrace1; 2045; 854; -1752; 1498253
vtrace1; 2045; 992; -1752; 1740029
vtrace1; 2045; 506; -1752; 888557
vtrace1; 2045; 749; -1752; 1314293
vtrace1; 2045; 1492; -1752; 2616029
vtrace1; 2045; 1735; -1752; 3041765
vtrace1; 2045; 1576; -1752; 2763197
vtrace1; 2045; 1326; -1752; 2325197
vtrace1; 2045; 1826; -1752; 3201197
vtrace1; 2045; 1013; -1752; 1776821
vtrace1; 2045; 146; -1752; 257837
vtrace1; 2045; 389; -1752; 683573
vtrace1; 2045; 1347; -1752; 2361989
vtrace1; 2045; 153; -1752; 270101
vtrace1; 2045; 1583; -1752; 2775461
vtrace1; 2045; 763; -1752; 1338821
vtrace1; 2045; 403; -1752; 708101
vtrace1; 2045; 48; -1752; 86141
vtrace1; 2045; 1819; -1752; 3188933
vtrace1; 2045; 1249; -1752; 2190293
vtrace1; 2045; 1763; -1752; 3090821
vtrace1; 2045; 55; -1752; 98405
vtrace1; 2045; 784; -1752; 1375613
vtrace1; 2045; 305; -1752; 536405
vtrace1; 2045; 1742; -1752; 3054029
vtrace1; 2045; 646; -1752; 1133837
vtrace1; 2045; 1513; -1752; 2652821
vtrace1; 2045; 1270; -1752; 2227085
vtrace1; 2045; 541; -1752; 949877
vtrace1; 2045; 396; -1752; 695837
vtrace1; 2045; 1992; -1752; 3492029
vtrace1; 2045; 1006; -1752; 1764557
vtrace1; 2045; 69; -1752; 122933
vtrace1; 2045; 548; -1752; 962141
vtrace1; 2045; 1978; -1752; 3467501
vtrace1; 2045; 298; -1752; 524141
vtrace1; 2045; 1256; -1752; 2202557
vtrace1; 2045; 1499; -1752; 2628293
vtrace1; 2045; 1506; -1752; 2640557
vtrace1; 2045; 62; -1752; 110669
vtrace1; 2045; 312; -1752; 548669
vtrace1; 2045; 791; -1752; 1387877
vtrace1; 2045; 1041; -1752; 1825877
vtrace1; 2045; 555; -1752; 974405
vtrace1; 2045; 1020; -1752; 1789085
vtrace1; 2045; 1263; -1752; 2214821
vtrace1; 2045; 83; -1752; 147461
vtrace1; 2045; 1749; -1752; 3066293
vtrace1; 2045; 798; -1752; 1400141
vtrace1; 2045; 1048; -1752; 1838141
vtrace1; 2045; 319; -1752; 560933
vtrace1; 2045; 562; -1752; 986669
vtrace1; 2045; 1541; -1752; 2701877
vtrace1; 2045; 819; -1752; 1436933
vtrace1; 2045; 1298; -1752; 2276141
vtrace1; 2045; 76; -1752; 135197
vtrace1; 2045; 326; -1752; 573197
vtrace1; 2045; 805; -1752; 1412405
vtrace1; 2045; 1915; -1752; 3357125
vtrace1; 2045; 1200; -1752; 2104445
vtrace1; 2045; 1555; -1752; 2726405
vtrace1; 2045; 1305; -1752; 2288405
vtrace1; 2045; 464; -1752; 814973
vtrace1; 2045; 569; -1752; 998933
vtrace1; 2045; 1034; -1752; 1813613
vtrace1; 2045; 221; -1752; 389237
vtrace1; 2045; 957; -1752; 1678709
vtrace1; 2045; 1062; -1752; 1862669
vtrace1; 2045; 812; -1752; 1424669
vtrace1; 2045; 1284; -1752; 2251613
vtrace1; 2045; 1908; -1752; 3344861
vtrace1; 2045; 228; -1752; 401501
vtrace1; 2045; 1756; -1752; 3078557
vtrace1; 2045; 471; -1752; 827237
vtrace1; 2045; 235; -1752; 413765
vtrace1; 2045; 1291; -1752; 2263877
vtrace1; 2045; 1055; -1752; 1850405
vtrace1; 2045; 1901; -1752; 3332597
vtrace1; 2045; 1658; -1752; 2906861
vtrace1; 2045; 721; -1752; 1265237
vtrace1; 2045; 1221; -1752; 2141237
vtrace1; 2045; 1450; -1752; 2542445
vtrace1; 2045; 1700; -1752; 2980445
vtrace1; 2045; 485; -1752; 851765
vtrace1; 2045; 728; -1752; 1277501
vtrace1; 2045; 971; -1752; 1703237
vtrace1; 2045; 242; -1752; 426029
vtrace1; 2045; 499; -1752; 876293
vtrace1; 2045; 249; -1752; 438293
vtrace1; 2045; 714; -1752; 1252973
vtrace1; 2045; 964; -1752; 1690973
vtrace1; 2045; 1214; -1752; 2128973
vtrace1; 2045; 1943; -1752; 3406181
vtrace1; 2045; 478; -1752; 839501
vtrace1; 2045; 1464; -1752; 2566973
vtrace1; 2045; 1707; -1752; 2992709
vtrace1; 2045; 1235; -1752; 2165765
vtrace1; 2045; 256; -1752; 450557
vtrace1; 2045; 880; -1752; 1543805
vtrace1; 2045; 1207; -1752; 2116709
vtrace1; 2045; 1936; -1752; 3393917
vtrace1; 2045; 637; -1752; 1118069
vtrace1; 2045; 13; -1752; 24821
vtrace1; 2045; 1457; -1752; 2554709
vtrace1; 2045; 1798; -1752; 3152141
vtrace1; 2045; 742; -1752; 1302029
vtrace1; 2045; 985; -1752; 1727765
vtrace1; 2045; 513; -1752; 900821
vtrace1; 2045; 978; -1752; 1715501
vtrace1; 2045; 263; -1752; 462821
vtrace1; 2045; 1693; -1752; 2968181
vtrace1; 2045; 735; -1752; 1289765
vtrace1; 2045; 20; -1752; 37085
vtrace1; 2045; 1548; -1752; 2714141
vtrace1; 2045; 492; -1752; 864029
vtrace1; 2045; 1964; -1752; 3442973
vtrace1; 2045; 27; -1752; 49349
vtrace1; 2045; 1623; -1752; 2845541
vtrace1; 2045; 1380; -1752; 2419805
vtrace1; 2045; 1387; -1752; 2432069
vtrace1; 2045; 1137; -1752; 1994069
vtrace1; 2045; 887; -1752; 1556069
vtrace1; 2045; 277; -1752; 487349
vtrace1; 2045; 34; -1752; 61613
vtrace1; 2045; 1873; -1752; 3283541
vtrace1; 2045; 1144; -1752; 2006333
vtrace1; 2045; 1950; -1752; 3418445
vtrace1; 2045; 270; -1752; 475085
vtrace1; 2045; 520; -1752; 913085
vtrace1; 2045; 894; -1752; 1568333
vtrace1; 2045; 41; -1752; 73877
vtrace1; 2045; 1714; -1752; 3004973
vtrace1; 2045; 291; -1752; 511877
vtrace1; 2045; 1971; -1752; 3455237
vtrace1; 2045; 770; -1752; 1351085
vtrace1; 2045; 1471; -1752; 2579237
vtrace1; 2045; 1228; -1752; 2153501
vtrace1; 2045; 527; -1752; 925349
vtrace1; 2045; 1957; -1752; 3430709
vtrace1; 2045; 193; -1752; 340181
vtrace1; 2045; 1478; -1752; 2591501
vtrace1; 2045; 1721; -1752; 3017237
vtrace1; 2045; 1373; -1752; 2407541
vtrace1; 2045; 1616; -1752; 2833277
vtrace1; 2045; 1130; -1752; 1981805
vtrace1; 2045; 679; -1752; 1191653
vtrace1; 2045; 429; -1752; 753653
vtrace1; 2045; 534; -1752; 937613
vtrace1; 2045; 1408; -1752; 2468861
vtrace1; 2045; 284; -1752; 499613
vtrace1; 2045; 929; -1752; 1629653
vtrace1; 2045; 1894; -1752; 3320333
vtrace1; 2045; 436; -1752; 765917
vtrace1; 2045; 777; -1752; 1363349
vtrace1; 2045; 1665; -1752; 2919125
vtrace1; 2045; 672; -1752; 1179389
vtrace1; 2045; 1027; -1752; 1801349
vtrace1; 2045; 186; -1752; 327917
vtrace1; 2045; 1151; -1752; 2018597
vtrace1; 2045; 1415; -1752; 2481125
vtrace1; 2045; 1789; -1752; 3136373
vtrace1; 2045; 1887; -1752; 3308069
vtrace1; 2045; 1644; -1752; 2882333
vtrace1; 2045; 693; -1752; 1216181
vtrace1; 2045; 1172; -1752; 2055389
vtrace1; 2045; 922; -1752; 1617389
vtrace1; 2045; 1637; -1752; 2870069
vtrace1; 2045; 200; -1752; 352445
vtrace1; 2045; 443; -1752; 778181
vtrace1; 2045; 1880; -1752; 3295805
vtrace1; 2045; 1394; -1752; 2444333
vtrace1; 2045; 1401; -1752; 2456597
vtrace1; 2045; 1866; -1752; 3271277
vtrace1; 2045; 1651; -1752; 2894597
vtrace1; 2045; 450; -1752; 790445
vtrace1; 2045; 1165; -1752; 2043125
vtrace1; 2045; 207; -1752; 364709
vtrace1; 2045; 1630; -1752; 2857805
vtrace1; 2045; 943; -1752; 1654181
vtrace1; 2045; 1422; -1752; 2493389
vtrace1; 2045; 1672; -1752; 2931389
vtrace1; 2045; 1186; -1752; 2079917
vtrace1; 2045; 214; -1752; 376973
vtrace1; 2045; 457; -1752; 802709
vtrace1; 2045; 1443; -1752; 2530181
vtrace1; 2045; 109; -1752; 193013
vtrace1; 2045; 1922; -1752; 3369389
vtrace1; 2045; 609; -1752; 1069013
vtrace1; 2045; 352; -1752; 618749
vtrace1; 2045; 686; -1752; 1203917
vtrace1; 2045; 936; -1752; 1641917
vtrace1; 2045; 1679; -1752; 2943653
vtrace1; 2045; 1179; -1752; 2067653
vtrace1; 2045; 116; -1752; 205277
vtrace1; 2045; 1345; -1752; 2358485
vtrace1; 2045; 359; -1752; 631013
vtrace1; 2045; 707; -1752; 1240709
vtrace1; 2045; 602; -1752; 1056749
vtrace1; 2045; 123; -1752; 217541
vtrace1; 2045; 852; -1752; 1494749
vtrace1; 2045; 1095; -1752; 1920485
vtrace1; 2045; 700; -1752; 1228445
vtrace1; 2045; 950; -1752; 1666445
vtrace1; 2045; 1429; -1752; 2505653
vtrace1; 2045; 1193; -1752; 2092181
vtrace1; 2045; 373; -1752; 655541
vtrace1; 2045; 1088; -1752; 1908221
vtrace1; 2045; 845; -1752; 1482485
vtrace1; 2045; 1845; -1752; 3234485
vtrace1; 2045; 1352; -1752; 2370749
vtrace1; 2045; 623; -1752; 1093541
vtrace1; 2045; 1109; -1752; 1945013
vtrace1; 2045; 366; -1752; 643277
vtrace1; 2045; 1595; -1752; 2796485
vtrace1; 2045; 866; -1752; 1519277
vtrace1; 2045; 859; -1752; 1507013
vtrace1; 2045; 1602; -1752; 2808749
vtrace1; 2045; 144; -1752; 254333
vtrace1; 2045; 6; -1752; 12557
vtrace1; 2045; 616; -1752; 1081277
vtrace1; 2045; 1359; -1752; 2383013
vtrace1; 2045; 1686; -1752; 2955917
vtrace1; 2045; 1831; -1752; 3209957
vtrace1; 2045; 1581; -1752; 2771957
vtrace1; 2045; 1436; -1752; 2517917
vtrace1; 2045; 151; -1752; 266597
vtrace1; 2045; 401; -1752; 704597
vtrace1; 2045; 380; -1752; 667805
vtrace1; 2045; 1588; -1752; 2784221
vtrace1; 2045; 1123; -1752; 1969541
vtrace1; 2045; 873; -1752; 1531541
vtrace1; 2045; 1338; -1752; 2346221
vtrace1; 2045; 1824; -1752; 3197693
vtrace1; 2045; 1929; -1752; 3381653
vtrace1; 2045; 1102; -1752; 1932749
vtrace1; 2045; 630; -1752; 1105805
vtrace1; 2045; 165; -1752; 291125
vtrace1; 2045; 1275; -1752; 2235845
vtrace1; 2045; 651; -1752; 1142597
vtrace1; 2045; 394; -1752; 692333
vtrace1; 2045; 1018; -1752; 1785581
vtrace1; 2045; 158; -1752; 278861
vtrace1; 2045; 1852; -1752; 3246749
vtrace1; 2045; 408; -1752; 716861
vtrace1; 2045; 1525; -1752; 2673845
vtrace1; 2045; 179; -1752; 315653
vtrace1; 2045; 644; -1752; 1130333
vtrace1; 2045; 1997; -1752; 3500789
vtrace1; 2045; 1754; -1752; 3075053
vtrace1; 2045; 1116; -1752; 1957277
vtrace1; 2045; 415; -1752; 729125
vtrace1; 2045; 665; -1752; 1167125
vtrace1; 2045; 915; -1752; 1605125
vtrace1; 2045; 1261; -1752; 2211317
vtrace1; 2045; 1366; -1752; 2395277
vtrace1; 2045; 1504; -1752; 2637053
vtrace1; 2045; 1609; -1752; 2821013
vtrace1; 2045; 81; -1752; 143957
vtrace1; 2045; 317; -1752; 557429
vtrace1; 2045; 1761; -1752; 3087317
vtrace1; 2045; 1838; -1752; 3222221
vtrace1; 2045; 172; -1752; 303389
vtrace1; 2045; 422; -1752; 741389
vtrace1; 2045; 560; -1752; 983165
vtrace1; 2045; 658; -1752; 1154861
vtrace1; 2045; 901; -1752; 1580597
vtrace1; 2045; 1268; -1752; 2223581
vtrace1; 2045; 1511; -1752; 2649317
vtrace1; 2045; 1859; -1752; 3259013
vtrace1; 2045; 1303; -1752; 2284901
vtrace1; 2045; 74; -1752; 131693
vtrace1; 2045; 324; -1752; 569693
vtrace1; 2045; 1158; -1752; 2030861
vtrace1; 2045; 1782; -1752; 3124109
vtrace1; 2045; 1553; -1752; 2722901
vtrace1; 2045; 1053; -1752; 1846901
vtrace1; 2045; 908; -1752; 1592861
vtrace1; 2045; 1532; -1752; 2686109
vtrace1; 2045; 567; -1752; 995429
vtrace1; 2045; 817; -1752; 1433429
vtrace1; 2045; 88; -1752; 156221
vtrace1; 2045; 331; -1752; 581957
vtrace1; 2045; 338; -1752; 594221
vtrace1; 2045; 1768; -1752; 3099581
vtrace1; 2045; 824; -1752; 1445693
vtrace1; 2045; 95; -1752; 168485
vtrace1; 2045; 1067; -1752; 1871429
vtrace1; 2045; 1518; -1752; 2661581
vtrace1; 2045; 581; -1752; 1019957
vtrace1; 2045; 240; -1752; 422525
vtrace1; 2045; 595; -1752; 1044485
vtrace1; 2045; 1296; -1752; 2272637
vtrace1; 2045; 1775; -1752; 3111845
vtrace1; 2045; 810; -1752; 1421165
vtrace1; 2045; 1060; -1752; 1859165
vtrace1; 2045; 574; -1752; 1007693
vtrace1; 2045; 345; -1752; 606485
vtrace1; 2045; 102; -1752; 180749
vtrace1; 2045; 497; -1752; 872789
vtrace1; 2045; 1567; -1752; 2747429
vtrace1; 2045; 247; -1752; 434789
vtrace1; 2045; 1817; -1752; 3185429
vtrace1; 2045; 1081; -1752; 1895957
vtrace1; 2045; 733; -1752; 1286261
vtrace1; 2045; 838; -1752; 1470221
vtrace1; 2045; 976; -1752; 1711997
vtrace1; 2045; 1233; -1752; 2162261
vtrace1; 2045; 1324; -1752; 2321693
vtrace1; 2045; 1074; -1752; 1883693
vtrace1; 2045; 1574; -1752; 2759693
vtrace1; 2045; 1810; -1752; 3173165
vtrace1; 2045; 1712; -1752; 3001469
vtrace1; 2045; 588; -1752; 1032221
vtrace1; 2045; 831; -1752; 1457957
vtrace1; 2045; 1469; -1752; 2575733
vtrace1; 2045; 1317; -1752; 2309429
vtrace1; 2045; 747; -1752; 1310789
vtrace1; 2045; 1803; -1752; 3160901
vtrace1; 2045; 1546; -1752; 2710637
vtrace1; 2045; 490; -1752; 860525
vtrace1; 2045; 254; -1752; 447053
vtrace1; 2045; 504; -1752; 885053
vtrace1; 2045; 1310; -1752; 2297165
vtrace1; 2045; 1560; -1752; 2735165
vtrace1; 2045; 740; -1752; 1298525
vtrace1; 2045; 983; -1752; 1724261
vtrace1; 2045; 1796; -1752; 3148637
vtrace1; 2045; 130; -1752; 229805
vtrace1; 2045; 1331; -1752; 2333957
vtrace1; 2045; 761; -1752; 1335317
vtrace1; 2045; 1011; -1752; 1773317
vtrace1; 2045; 387; -1752; 680069
vtrace1; 2045; 32; -1752; 58109
vtrace1; 2045; 137; -1752; 242069
vtrace1; 2045; 511; -1752; 897317
vtrace1; 2045; 1247; -1752; 2186789
vtrace1; 2045; 1976; -1752; 3463997
vtrace1; 2045; 990; -1752; 1736525
vtrace1; 2045; 1490; -1752; 2612525
vtrace1; 2045; 1733; -1752; 3038261
vtrace1; 2045; 1747; -1752; 3062789
vtrace1; 2045; 39; -1752; 70373
vtrace1; 2045; 1392; -1752; 2440829
vtrace1; 2045; 1962; -1752; 3439469
vtrace1; 2045; 289; -1752; 508373
vtrace1; 2045; 1726; -1752; 3025997
vtrace1; 2045; 997; -1752; 1748789
vtrace1; 2045; 754; -1752; 1323053
vtrace1; 2045; 1254; -1752; 2199053
vtrace1; 2045; 1497; -1752; 2624789
vtrace1; 2045; 1226; -1752; 2149997
vtrace1; 2045; 1025; -1752; 1797845
vtrace1; 2045; 525; -1752; 921845
vtrace1; 2045; 775; -1752; 1359845
vtrace1; 2045; 1149; -1752; 2015093
vtrace1; 2045; 1004; -1752; 1761053
vtrace1; 2045; 1476; -1752; 2587997
vtrace1; 2045; 1719; -1752; 3013733
vtrace1; 2045; 53; -1752; 94901
vtrace1; 2045; 1483; -1752; 2600261
vtrace1; 2045; 768; -1752; 1347581
vtrace1; 2045; 532; -1752; 934109
vtrace1; 2045; 282; -1752; 496109
vtrace1; 2045; 1969; -1752; 3451733
vtrace1; 2045; 1240; -1752; 2174525
vtrace1; 2045; 789; -1752; 1384373
vtrace1; 2045; 46; -1752; 82637
vtrace1; 2045; 1899; -1752; 3329093
vtrace1; 2045; 296; -1752; 520637
vtrace1; 2045; 539; -1752; 946373
vtrace1; 2045; 1642; -1752; 2878829
vtrace1; 2045; 67; -1752; 119429
vtrace1; 344; 0; 344; 344
vtrace1; 2045; 1406; -1752; 2465357
vtrace1; 2045; 1656; -1752; 2903357
vtrace1; 2045; 303; -1752; 532901
vtrace1; 2045; 546; -1752; 958637
vtrace1; 2045; 1892; -1752; 3316829
vtrace1; 2045; 1282; -1752; 2248109
vtrace1; 2045; 1039; -1752; 1822373
vtrace1; 2045; 1649; -1752; 2891093
vtrace1; 2045; 60; -1752; 107165
vtrace1; 2045; 310; -1752; 545165
vtrace1; 2045; 1399; -1752; 2453093
vtrace1; 2045; 1990; -1752; 3488525
vtrace1; 2045; 448; -1752; 786941
vtrace1; 2045; 553; -1752; 970901
vtrace1; 2045; 1885; -1752; 3304565
vtrace1; 2045; 205; -1752; 361205
vtrace1; 2045; 705; -1752; 1237205
vtrace1; 2045; 782; -1752; 1372109
vtrace1; 2045; 1032; -1752; 1810109
vtrace1; 2045; 803; -1752; 1408901
vtrace1; 2045; 1740; -1752; 3050525
vtrace1; 2045; 1983; -1752; 3476261
vtrace1; 2045; 212; -1752; 373469
vtrace1; 2045; 455; -1752; 799205
vtrace1; 2045; 1927; -1752; 3378149
vtrace1; 2045; 219; -1752; 385733
vtrace1; 2045; 698; -1752; 1224941
vtrace1; 2045; 948; -1752; 1662941
vtrace1; 2045; 1677; -1752; 2940149
vtrace1; 2045; 1191; -1752; 2088677
vtrace1; 2045; 941; -1752; 1650677
vtrace1; 2045; 1046; -1752; 1834637
vtrace1; 2045; 1205; -1752; 2113205
vtrace1; 2045; 1920; -1752; 3365885
vtrace1; 2045; 1434; -1752; 2514413
vtrace1; 2045; 796; -1752; 1396637
vtrace1; 2045; 1684; -1752; 2952413
vtrace1; 2045; 1184; -1752; 2076413
vtrace1; 2045; 469; -1752; 823733
vtrace1; 2045; 226; -1752; 397997
vtrace1; 2045; 962; -1752; 1687469
vtrace1; 2045; 233; -1752; 410261
vtrace1; 2045; 483; -1752; 848261
vtrace1; 2045; 1539; -1752; 2698373
vtrace1; 2045; 1913; -1752; 3353621
vtrace1; 2045; 1289; -1752; 2260373
vtrace1; 2045; 1663; -1752; 2915621
vtrace1; 2045; 462; -1752; 811469
vtrace1; 2045; 719; -1752; 1261733
vtrace1; 2045; 1441; -1752; 2526677
vtrace1; 2045; 1906; -1752; 3341357
vtrace1; 2045; 712; -1752; 1249469
vtrace1; 2045; 955; -1752; 1675205
vtrace1; 2045; 1212; -1752; 2125469
vtrace1; 2045; 1121; -1752; 1966037
vtrace1; 2045; 871; -1752; 1528037
vtrace1; 2045; 1705; -1752; 2989205
vtrace1; 2045; 4; -1752; 9053
vtrace1; 2045; 628; -1752; 1102301
vtrace1; 2045; 1462; -1752; 2563469
vtrace1; 2045; 1600; -1752; 2805245
vtrace1; 2045; 1857; -1752; 3255509
vtrace1; 2045; 1357; -1752; 2379509
vtrace1; 2045; 476; -1752; 835997
vtrace1; 2045; 864; -1752; 1515773
vtrace1; 2045; 11; -1752; 21317
vtrace1; 2045; 1934; -1752; 3390413
vtrace1; 2045; 1607; -1752; 2817509
vtrace1; 2045; 621; -1752; 1090037
vtrace1; 2045; 378; -1752; 664301
vtrace1; 2045; 1955; -1752; 3427205
vtrace1; 2045; 969; -1752; 1699733
vtrace1; 2045; 1364; -1752; 2391773
vtrace1; 2045; 726; -1752; 1273997
vtrace1; 2045; 1941; -1752; 3402677
vtrace1; 2045; 1198; -1752; 2100941
vtrace1; 2045; 261; -1752; 459317
vtrace1; 2045; 885; -1752; 1552565
vtrace1; 2045; 18; -1752; 33581
vtrace1; 2045; 1448; -1752; 2538941
vtrace1; 2045; 1691; -1752; 2964677
vtrace1; 2045; 1114; -1752; 1953773
vtrace1; 2045; 1219; -1752; 2137733
vtrace1; 2045; 25; -1752; 45845
vtrace1; 2045; 1698; -1752; 2976941
vtrace1; 2045; 635; -1752; 1114565
vtrace1; 2045; 275; -1752; 483845
vtrace1; 2045; 1455; -1752; 2551205
vtrace1; 2045; 1385; -1752; 2428565
vtrace1; 2045; 1635; -1752; 2866565
vtrace1; 2045; 1135; -1752; 1990565
vtrace1; 2045; 656; -1752; 1151357
vtrace1; 2045; 177; -1752; 312149
vtrace1; 2045; 1871; -1752; 3280037
vtrace1; 2045; 1614; -1752; 2829773
vtrace1; 2045; 1128; -1752; 1978301
vtrace1; 2045; 518; -1752; 909581
vtrace1; 2045; 413; -1752; 725621
vtrace1; 2045; 878; -1752; 1540301
vtrace1; 2045; 268; -1752; 471581
vtrace1; 2045; 1864; -1752; 3267773
vtrace1; 2045; 420; -1752; 737885
vtrace1; 2045; 1850; -1752; 3243245
vtrace1; 2045; 1371; -1752; 2404037
vtrace1; 2045; 170; -1752; 299885
vtrace1; 2045; 663; -1752; 1163621
vtrace1; 2045; 1142; -1752; 2002829
vtrace1; 2045; 892; -1752; 1564829
vtrace1; 2045; 913; -1752; 1601621
vtrace1; 2045; 1948; -1752; 3414941
vtrace1; 2045; 184; -1752; 324413
vtrace1; 2045; 1621; -1752; 2842037
vtrace1; 2045; 427; -1752; 750149
vtrace1; 2045; 1378; -1752; 2416301
vtrace1; 2045; 434; -1752; 762413
vtrace1; 2045; 1413; -1752; 2477621
vtrace1; 2045; 670; -1752; 1175885
vtrace1; 2045; 920; -1752; 1613885
vtrace1; 2045; 1163; -1752; 2039621
vtrace1; 2045; 1787; -1752; 3132869
vtrace1; 2045; 691; -1752; 1212677
vtrace1; 2045; 191; -1752; 336677
vtrace1; 2045; 677; -1752; 1188149
vtrace1; 2045; 1156; -1752; 2027357
vtrace1; 2045; 906; -1752; 1589357
vtrace1; 2045; 198; -1752; 348941
vtrace1; 2045; 1427; -1752; 2502149
vtrace1; 2045; 93; -1752; 164981
vtrace1; 2045; 441; -1752; 774677
vtrace1; 2045; 336; -1752; 590717
vtrace1; 2045; 684; -1752; 1200413
vtrace1; 2045; 593; -1752; 1040981
vtrace1; 2045; 934; -1752; 1638413
vtrace1; 2045; 1773; -1752; 3108341
vtrace1; 2045; 100; -1752; 177245
vtrace1; 2045; 1628; -1752; 2854301
vtrace1; 2045; 343; -1752; 602981
vtrace1; 2045; 1072; -1752; 1880189
vtrace1; 2045; 1177; -1752; 2064149
vtrace1; 2045; 829; -1752; 1454453
vtrace1; 2045; 927; -1752; 1626149
vtrace1; 2045; 107; -1752; 189509
vtrace1; 2045; 1780; -1752; 3120605
vtrace1; 2045; 1170; -1752; 2051885
vtrace1; 2045; 1530; -1752; 2682605
vtrace1; 2045; 1878; -1752; 3292301
vtrace1; 2045; 1572; -1752; 2756189
vtrace1; 2045; 843; -1752; 1478981
vtrace1; 2045; 1322; -1752; 2318189
vtrace1; 2045; 357; -1752; 627509
vtrace1; 2045; 114; -1752; 201773
vtrace1; 2045; 600; -1752; 1053245
vtrace1; 2045; 586; -1752; 1028717
vtrace1; 2045; 1815; -1752; 3181925
vtrace1; 2045; 121; -1752; 214037
vtrace1; 2045; 371; -1752; 652037
vtrace1; 2045; 836; -1752; 1466717
vtrace1; 2045; 350; -1752; 615245
vtrace1; 2045; 1336; -1752; 2342717
vtrace1; 2045; 1579; -1752; 2768453
vtrace1; 2045; 1079; -1752; 1892453
vtrace1; 2045; 752; -1752; 1319549
vtrace1; 2045; 1107; -1752; 1941509
vtrace1; 2045; 857; -1752; 1503509
vtrace1; 2045; 128; -1752; 226301
vtrace1; 2045; 1808; -1752; 3169661
vtrace1; 2045; 1086; -1752; 1904717
vtrace1; 2045; 614; -1752; 1077773
vtrace1; 2045; 1329; -1752; 2330453
vtrace1; 2045; 135; -1752; 238565
vtrace1; 2045; 1565; -1752; 2743925
vtrace1; 2045; 1670; -1752; 2927885
vtrace1; 2045; 509; -1752; 893813
vtrace1; 2045; 1420; -1752; 2489885
vtrace1; 2045; 385; -1752; 676565
vtrace1; 2045; 364; -1752; 639773
vtrace1; 2045; 607; -1752; 1065509
vtrace1; 2045; 1093; -1752; 1916981
vtrace1; 2045; 850; -1752; 1491245
vtrace1; 2045; 1745; -1752; 3059285
vtrace1; 2045; 1836; -1752; 3218717
vtrace1; 2045; 1252; -1752; 2195549
vtrace1; 2045; 1495; -1752; 2621285
vtrace1; 2045; 1981; -1752; 3472757
vtrace1; 2045; 1100; -1752; 1929245
vtrace1; 2045; 149; -1752; 263093
vtrace1; 2045; 1009; -1752; 1769813
vtrace1; 2045; 1259; -1752; 2207813
vtrace1; 2045; 759; -1752; 1331813
vtrace1; 2045; 766; -1752; 1344077
vtrace1; 2045; 1586; -1752; 2780717
vtrace1; 2045; 392; -1752; 688829
vtrace1; 2045; 1822; -1752; 3194189
vtrace1; 2045; 1016; -1752; 1782077
vtrace1; 2045; 142; -1752; 250829
vtrace1; 2045; 1343; -1752; 2354981
vtrace1; 2045; 642; -1752; 1126829
vtrace1; 2045; 163; -1752; 287621
vtrace1; 2045; 1843; -1752; 3230981
vtrace1; 2045; 399; -1752; 701093
vtrace1; 2045; 1488; -1752; 2609021
vtrace1; 2045; 1829; -1752; 3206453
vtrace1; 2045; 1245; -1752; 2183285
vtrace1; 2045; 1350; -1752; 2367245
vtrace1; 2045; 1002; -1752; 1757549
vtrace1; 2045; 65; -1752; 115925
vtrace1; 2045; 1593; -1752; 2792981
vtrace1; 2045; 301; -1752; 529397
vtrace1; 2045; 1280; -1752; 2244605
vtrace1; 2045; 1759; -1752; 3083813
vtrace1; 2045; 1904; -1752; 3337853
vtrace1; 2045; 156; -1752; 275357
vtrace1; 2045; 406; -1752; 713357
vtrace1; 2045; 544; -1752; 955133
vtrace1; 2045; 801; -1752; 1405397
vtrace1; 2045; 1023; -1752; 1794341
vtrace1; 2045; 58; -1752; 103661
vtrace1; 2045; 1287; -1752; 2256869
vtrace1; 2045; 308; -1752; 541661
vtrace1; 2045; 1766; -1752; 3096077
vtrace1; 2045; 649; -1752; 1139093
vtrace1; 2045; 1537; -1752; 2694869
vtrace1; 2045; 1661; -1752; 2912117
vtrace1; 2045; 899; -1752; 1577093
vtrace1; 2045; 1516; -1752; 2658077
vtrace1; 2045; 551; -1752; 967397
vtrace1; 2045; 1044; -1752; 1831133
vtrace1; 2045; 1995; -1752; 3497285
vtrace1; 2045; 794; -1752; 1393133
vtrace1; 2045; 1266; -1752; 2220077
vtrace1; 2045; 1509; -1752; 2645813
vtrace1; 2045; 1738; -1752; 3047021
vtrace1; 2045; 72; -1752; 128189
vtrace1; 2045; 315; -1752; 553925
vtrace1; 2045; 322; -1752; 566189
vtrace1; 2045; 1752; -1752; 3071549
vtrace1; 2045; 1037; -1752; 1818869
vtrace1; 2045; 1273; -1752; 2232341
vtrace1; 2045; 1523; -1752; 2670341
vtrace1; 2045; 79; -1752; 140453
vtrace1; 2045; 1502; -1752; 2633549
vtrace1; 2045; 565; -1752; 991925
vtrace1; 2045; 1988; -1752; 3485021
vtrace1; 2045; 224; -1752; 394493
vtrace1; 2045; 579; -1752; 1016453
vtrace1; 2045; 1058; -1752; 1855661
vtrace1; 2045; 1294; -1752; 2269133
vtrace1; 2045; 1544; -1752; 2707133
vtrace1; 2045; 1918; -1752; 3362381
vtrace1; 2045; 1794; -1752; 3145133
vtrace1; 2045; 558; -1752; 979661
vtrace1; 2045; 1315; -1752; 2305925
vtrace1; 2045; 329; -1752; 578453
vtrace1; 2045; 86; -1752; 152717
vtrace1; 2045; 815; -1752; 1429925
vtrace1; 2045; 481; -1752; 844757
vtrace1; 2045; 1551; -1752; 2719397
vtrace1; 2045; 231; -1752; 406757
vtrace1; 2045; 808; -1752; 1417661
vtrace1; 2045; 1051; -1752; 1843397
vtrace1; 2045; 1217; -1752; 2134229
vtrace1; 2045; 724; -1752; 1270493
vtrace1; 2045; 967; -1752; 1696229
vtrace1; 2045; 572; -1752; 1004189
vtrace1; 2045; 1911; -1752; 3350117
vtrace1; 2045; 1301; -1752; 2281397
vtrace1; 2045; 245; -1752; 431285
vtrace1; 2045; 1065; -1752; 1867925
vtrace1; 2045; 717; -1752; 1258229
vtrace1; 2045; 822; -1752; 1442189
vtrace1; 2045; 474; -1752; 832493
vtrace1; 2045; 960; -1752; 1683965
vtrace1; 2045; 1467; -1752; 2572229
vtrace1; 2045; 238; -1752; 419021
vtrace1; 2045; 488; -1752; 857021
vtrace1; 2045; 1946; -1752; 3411437
vtrace1; 2045; 738; -1752; 1295021
vtrace1; 2045; 981; -1752; 1720757
vtrace1; 2045; 1224; -1752; 2146493
vtrace1; 2045; 731; -1752; 1282757
vtrace1; 2045; 16; -1752; 30077
vtrace1; 2045; 495; -1752; 869285
vtrace1; 2045; 1231; -1752; 2158757
vtrace1; 2045; 1717; -1752; 3010229
vtrace1; 2045; 1474; -1752; 2584493
vtrace1; 2045; 502; -1752; 881549
vtrace1; 2045; 1308; -1752; 2293661
vtrace1; 2045; 23; -1752; 42341
vtrace1; 2045; 252; -1752; 443549
vtrace1; 2045; 1558; -1752; 2731661
vtrace1; 2045; 1953; -1752; 3423701
vtrace1; 2045; 273; -1752; 480341
vtrace1; 2045; 1696; -1752; 2973437
vtrace1; 2045; 1453; -1752; 2547701
vtrace1; 2045; 1210; -1752; 2121965
vtrace1; 2045; 995; -1752; 1745285
vtrace1; 2045; 1801; -1752; 3157397
vtrace1; 2045; 745; -1752; 1307285
vtrace1; 2045; 1460; -1752; 2559965
vtrace1; 2045; 974; -1752; 1708493
vtrace1; 2045; 1703; -1752; 2985701
vtrace1; 2045; 37; -1752; 66869
vtrace1; 2045; 1140; -1752; 1999325
vtrace1; 2045; 266; -1752; 468077
vtrace1; 2045; 516; -1752; 906077
vtrace1; 2045; 890; -1752; 1561325
vtrace1; 2045; 1876; -1752; 3288797
vtrace1; 2045; 1724; -1752; 3022493
vtrace1; 2045; 30; -1752; 54605
vtrace1; 2045; 1397; -1752; 2449589
vtrace1; 2045; 1133; -1752; 1987061
vtrace1; 2045; 988; -1752; 1733021
vtrace1; 2045; 1974; -1752; 3460493
vtrace1; 2045; 280; -1752; 492605
vtrace1; 2045; 523; -1752; 918341
vtrace1; 2045; 1626; -1752; 2850797
vtrace1; 2045; 1869; -1752; 3276533
vtrace1; 2045; 51; -1752; 91397
vtrace1; 2045; 1731; -1752; 3034757
vtrace1; 2045; 1376; -1752; 2412797
vtrace1; 2045; 1481; -1752; 2596757
vtrace1; 2045; 530; -1752; 930605
vtrace1; 2045; 1710; -1752; 2997965
vtrace1; 2045; 787; -1752; 1380869
vtrace1; 2045; 287; -1752; 504869
vtrace1; 2045; 1238; -1752; 2171021
vtrace1; 2045; 1967; -1752; 3448229
vtrace1; 2045; 44; -1752; 79133
vtrace1; 2045; 773; -1752; 1356341
vtrace1; 2045; 1383; -1752; 2425061
vtrace1; 2045; 1633; -1752; 2863061
vtrace1; 2045; 1147; -1752; 2011589
vtrace1; 2045; 1960; -1752; 3435965
vtrace1; 2045; 294; -1752; 517133
vtrace1; 2045; 537; -1752; 942869
vtrace1; 2045; 189; -1752; 333173
vtrace1; 2045; 432; -1752; 758909
vtrace1; 2045; 1654; -1752; 2899853
vtrace1; 2045; 925; -1752; 1622645
vtrace1; 2045; 780; -1752; 1368605
vtrace1; 2045; 1030; -1752; 1806605
vtrace1; 2045; 1404; -1752; 2461853
vtrace1; 2045; 439; -1752; 771173
vtrace1; 2045; 1168; -1752; 2048381
vtrace1; 2045; 1425; -1752; 2498645
vtrace1; 2045; 196; -1752; 345437
vtrace1; 2045; 203; -1752; 357701
vtrace1; 2045; 1897; -1752; 3325589
vtrace1; 2045; 689; -1752; 1209173
vtrace1; 2045; 1390; -1752; 2437325
vtrace1; 2045; 1640; -1752; 2875325
vtrace1; 2045; 1890; -1752; 3313325
vtrace1; 2045; 696; -1752; 1221437
vtrace1; 2045; 210; -1752; 369965
vtrace1; 2045; 453; -1752; 795701
vtrace1; 2045; 939; -1752; 1647173
vtrace1; 2045; 217; -1752; 382229
vtrace1; 2045; 682; -1752; 1196909
vtrace1; 2045; 932; -1752; 1634909
vtrace1; 2045; 467; -1752; 820229
vtrace1; 2045; 112; -1752; 198269
vtrace1; 2045; 1883; -1752; 3301061
vtrace1; 2045; 1647; -1752; 2887589
vtrace1; 2045; 1175; -1752; 2060645
vtrace1; 2045; 446; -1752; 783437
vtrace1; 2045; 119; -1752; 210533
vtrace1; 2045; 848; -1752; 1487741
vtrace1; 2045; 369; -1752; 648533
vtrace1; 2045; 1682; -1752; 2948909
vtrace1; 2045; 605; -1752; 1062005
vtrace1; 2045; 1182; -1752; 2072909
vtrace1; 2045; 953; -1752; 1671701
vtrace1; 2045; 1939; -1752; 3399173
vtrace1; 2045; 1439; -1752; 2523173
vtrace1; 2045; 710; -1752; 1245965
vtrace1; 2045; 946; -1752; 1659437
vtrace1; 2045; 1196; -1752; 2097437
vtrace1; 2045; 1925; -1752; 3374645
vtrace1; 2045; 1689; -1752; 2961173
vtrace1; 2045; 703; -1752; 1233701
vtrace1; 2045; 1341; -1752; 2351477
vtrace1; 2045; 1446; -1752; 2535437
vtrace1; 2045; 1584; -1752; 2777213
vtrace1; 2045; 460; -1752; 807965
vtrace1; 2045; 1189; -1752; 2085173
vtrace1; 2045; 1418; -1752; 2486381
vtrace1; 2045; 1668; -1752; 2924381
vtrace1; 2045; 619; -1752; 1086533
vtrace1; 2045; 362; -1752; 636269
vtrace1; 2045; 1105; -1752; 1938005
vtrace1; 2045; 376; -1752; 660797
vtrace1; 2045; 855; -1752; 1500005
vtrace1; 2045; 126; -1752; 222797
vtrace1; 2045; 2; -1752; 5549
vtrace1; 2045; 1432; -1752; 2510909
vtrace1; 2045; 612; -1752; 1074269
vtrace1; 2045; 1675; -1752; 2936645
vtrace1; 2045; 1203; -1752; 2109701
vtrace1; 2045; 383; -1752; 673061
vtrace1; 2045; 862; -1752; 1512269
vtrace1; 2045; 1112; -1752; 1950269
vtrace1; 2045; 9; -1752; 17813
vtrace1; 2045; 633; -1752; 1111061
vtrace1; 2045; 883; -1752; 1549061
vtrace1; 2045; 259; -1752; 455813
vtrace1; 2045; 1605; -1752; 2814005
vtrace1; 2045; 1362; -1752; 2388269
vtrace1; 2045; 1848; -1752; 3239741
vtrace1; 2045; 1369; -1752; 2400533
vtrace1; 2045; 1834; -1752; 3215213
vtrace1; 2045; 1619; -1752; 2838533
vtrace1; 2045; 869; -1752; 1524533
vtrace1; 2045; 1264; -1752; 2216573
vtrace1; 2045; 626; -1752; 1098797
vtrace1; 2045; 161; -1752; 284117
vtrace1; 2045; 1098; -1752; 1925741
vtrace1; 2045; 1598; -1752; 2801741
vtrace1; 2045; 1932; -1752; 3386909
vtrace1; 2045; 647; -1752; 1135589
vtrace1; 2045; 1021; -1752; 1790837
vtrace1; 2045; 1126; -1752; 1974797
vtrace1; 2045; 397; -1752; 697589
vtrace1; 2045; 876; -1752; 1536797
vtrace1; 2045; 897; -1752; 1573589
vtrace1; 2045; 1591; -1752; 2789477
vtrace1; 2045; 1348; -1752; 2363741
vtrace1; 2045; 404; -1752; 709853
vtrace1; 2045; 1355; -1752; 2376005
vtrace1; 2045; 154; -1752; 271853
vtrace1; 2045; 1119; -1752; 1962533
vtrace1; 2045; 640; -1752; 1123325
vtrace1; 2045; 1841; -1752; 3227477
vtrace1; 2045; 661; -1752; 1160117
vtrace1; 2045; 1764; -1752; 3092573
vtrace1; 2045; 1514; -1752; 2654573
vtrace1; 2045; 168; -1752; 296381
vtrace1; 2045; 411; -1752; 722117
vtrace1; 2045; 418; -1752; 734381
vtrace1; 2045; 1278; -1752; 2241101
vtrace1; 2045; 1528; -1752; 2679101
vtrace1; 2045; 1771; -1752; 3104837
vtrace1; 2045; 175; -1752; 308645
vtrace1; 2045; 1271; -1752; 2228837
vtrace1; 2045; 911; -1752; 1598117
vtrace1; 2045; 1521; -1752; 2666837
vtrace1; 2045; 1154; -1752; 2023853
vtrace1; 2045; 182; -1752; 320909
vtrace1; 2045; 77; -1752; 136949
vtrace1; 2045; 1862; -1752; 3264269
vtrace1; 2045; 320; -1752; 562685
vtrace1; 2045; 425; -1752; 746645
vtrace1; 2045; 577; -1752; 1012949
vtrace1; 2045; 654; -1752; 1147853
vtrace1; 2045; 904; -1752; 1585853
vtrace1; 2045; 1757; -1752; 3080309
vtrace1; 2045; 84; -1752; 149213
vtrace1; 2045; 1612; -1752; 2826269
vtrace1; 2045; 1855; -1752; 3252005
vtrace1; 2045; 327; -1752; 574949
vtrace1; 2045; 675; -1752; 1184645
vtrace1; 2045; 1549; -1752; 2715893
vtrace1; 2045; 1799; -1752; 3153893
vtrace1; 2045; 91; -1752; 161477
vtrace1; 2045; 1792; -1752; 3141629
vtrace1; 2045; 820; -1752; 1438685
vtrace1; 2045; 1063; -1752; 1864421
vtrace1; 2045; 1306; -1752; 2290157
vtrace1; 2045; 668; -1752; 1172381
vtrace1; 2045; 1556; -1752; 2728157
vtrace1; 2045; 918; -1752; 1610381
vtrace1; 2045; 341; -1752; 599477
vtrace1; 2045; 98; -1752; 173741
vtrace1; 2045; 1056; -1752; 1852157
vtrace1; 2045; 1161; -1752; 2036117
vtrace1; 2045; 813; -1752; 1426421
vtrace1; 2045; 570; -1752; 1000685
vtrace1; 2045; 584; -1752; 1025213
vtrace1; 2045; 1535; -1752; 2691365
vtrace1; 2045; 355; -1752; 624005
vtrace1; 2045; 105; -1752; 186005
vtrace1; 2045; 1778; -1752; 3117101
vtrace1; 2045; 1411; -1752; 2474117
vtrace1; 2045; 334; -1752; 587213
vtrace1; 2045; 1077; -1752; 1888949
vtrace1; 2045; 834; -1752; 1463213
vtrace1; 2045; 827; -1752; 1450949
vtrace1; 2045; 591; -1752; 1037477
vtrace1; 2045; 1785; -1752; 3129365
vtrace1; 2045; 1313; -1752; 2302421
vtrace1; 2045; 743; -1752; 1303781
vtrace1; 2045; 1472; -1752; 2580989
vtrace1; 2045; 493; -1752; 865781
vtrace1; 2045; 993; -1752; 1741781
vtrace1; 2045; 1229; -1752; 2155253
vtrace1; 2045; 348; -1752; 611741
vtrace1; 2045; 1334; -1752; 2339213
vtrace1; 2045; 1577; -1752; 2764949
vtrace1; 2045; 1091; -1752; 1913477
vtrace1; 2045; 841; -1752; 1475477
vtrace1; 2045; 1729; -1752; 3031253
vtrace1; 2045; 1479; -1752; 2593253
vtrace1; 2045; 1806; -1752; 3166157
vtrace1; 2045; 736; -1752; 1291517
vtrace1; 2045; 250; -1752; 440045
vtrace1; 2045; 500; -1752; 878045
vtrace1; 2045; 1070; -1752; 1876685
vtrace1; 2045; 1236; -1752; 2167517
vtrace1; 2045; 598; -1752; 1049741
vtrace1; 2045; 1827; -1752; 3202949
vtrace1; 2045; 1813; -1752; 3178421
vtrace1; 2045; 133; -1752; 235061
vtrace1; 2045; 757; -1752; 1328309
vtrace1; 2045; 507; -1752; 890309
vtrace1; 2045; 986; -1752; 1729517
vtrace1; 2045; 1320; -1752; 2314685
vtrace1; 2045; 1563; -1752; 2740421
vtrace1; 2045; 1570; -1752; 2752685
vtrace1; 2045; 1327; -1752; 2326949
vtrace1; 2045; 147; -1752; 259589
vtrace1; 2045; 1084; -1752; 1901213
vtrace1; 2045; 1736; -1752; 3043517
vtrace1; 2045; 1007; -1752; 1766309
vtrace1; 2045; 1486; -1752; 2605517
vtrace1; 2045; 1257; -1752; 2204309
vtrace1; 2045; 1507; -1752; 2642309
vtrace1; 2045; 49; -1752; 87893
vtrace1; 2045; 1986; -1752; 3481517
vtrace1; 2045; 750; -1752; 1316045
vtrace1; 2045; 140; -1752; 247325
vtrace1; 2045; 1979; -1752; 3469253
vtrace1; 2045; 1000; -1752; 1754045
vtrace1; 2045; 1743; -1752; 3055781
vtrace1; 2045; 390; -1752; 685325
vtrace1; 2045; 528; -1752; 927101
vtrace1; 2045; 285; -1752; 501365
vtrace1; 2045; 42; -1752; 75629
vtrace1; 2045; 1243; -1752; 2179781
vtrace1; 2045; 292; -1752; 513629
vtrace1; 2045; 535; -1752; 939365
vtrace1; 2045; 1972; -1752; 3456989
vtrace1; 2045; 1820; -1752; 3190685
vtrace1; 2045; 764; -1752; 1340573
vtrace1; 2045; 1493; -1752; 2617781
vtrace1; 2045; 1014; -1752; 1778573
vtrace1; 2045; 785; -1752; 1377365
vtrace1; 2045; 1250; -1752; 2192045
vtrace1; 2045; 1965; -1752; 3444725
vtrace1; 2045; 1722; -1752; 3018989
vtrace1; 2045; 56; -1752; 100157
vtrace1; 2045; 299; -1752; 525893
vtrace1; 2045; 306; -1752; 538157
vtrace1; 2045; 1909; -1752; 3346613
vtrace1; 2045; 1285; -1752; 2253365
vtrace1; 2045; 63; -1752; 112421
vtrace1; 2045; 792; -1752; 1389629
vtrace1; 2045; 1659; -1752; 2908613
vtrace1; 2045; 1035; -1752; 1815365
vtrace1; 2045; 549; -1752; 963893
vtrace1; 2045; 563; -1752; 988421
vtrace1; 2045; 1028; -1752; 1803101
vtrace1; 2045; 208; -1752; 366461
vtrace1; 2045; 778; -1752; 1365101
vtrace1; 2045; 542; -1752; 951629
vtrace1; 2045; 70; -1752; 124685
vtrace1; 2045; 313; -1752; 550421
vtrace1; 2045; 1299; -1752; 2277893
vtrace1; 2045; 465; -1752; 816725
vtrace1; 2045; 1895; -1752; 3322085
vtrace1; 2045; 1750; -1752; 3068045
vtrace1; 2045; 1645; -1752; 2884085
vtrace1; 2045; 215; -1752; 378725
vtrace1; 2045; 806; -1752; 1414157
vtrace1; 2045; 1049; -1752; 1839893
vtrace1; 2045; 1500; -1752; 2630045
vtrace1; 2045; 701; -1752; 1230197
vtrace1; 2045; 944; -1752; 1655933
vtrace1; 2045; 1993; -1752; 3493781
vtrace1; 2045; 1042; -1752; 1827629
vtrace1; 2045; 1888; -1752; 3309821
vtrace1; 2045; 1402; -1752; 2458349
vtrace1; 2045; 1652; -1752; 2896349
vtrace1; 2045; 556; -1752; 976157
vtrace1; 2045; 799; -1752; 1401893
vtrace1; 2045; 715; -1752; 1254725
vtrace1; 2045; 229; -1752; 403253
vtrace1; 2045; 458; -1752; 804461
vtrace1; 2045; 1444; -1752; 2531933
vtrace1; 2045; 1687; -1752; 2957669
vtrace1; 2045; 222; -1752; 390989
vtrace1; 2045; 1451; -1752; 2544197
vtrace1; 2045; 1916; -1752; 3358877
vtrace1; 2045; 472; -1752; 828989
vtrace1; 2045; 708; -1752; 1242461
vtrace1; 2045; 243; -1752; 427781
vtrace1; 2045; 951; -1752; 1668197
vtrace1; 2045; 1208; -1752; 2118461
vtrace1; 2045; 1937; -1752; 3395669
vtrace1; 2045; 979; -1752; 1717253
vtrace1; 2045; 0; -1752; 2045
vtrace1; 2045; 624; -1752; 1095293
vtrace1; 2045; 729; -1752; 1279253
vtrace1; 2045; 479; -1752; 841253
vtrace1; 2045; 958; -1752; 1680461
vtrace1; 2045; 1201; -1752; 2106197
vtrace1; 2045; 1292; -1752; 2265629
vtrace1; 2045; 486; -1752; 853517
vtrace1; 2045; 7; -1752; 14309
vtrace1; 2045; 381; -1752; 669557
vtrace1; 2045; 236; -1752; 415517
vtrace1; 2045; 1542; -1752; 2703629
vtrace1; 2045; 1902; -1752; 3334349
vtrace1; 2045; 965; -1752; 1692725
vtrace1; 2045; 1680; -1752; 2945405
vtrace1; 2045; 257; -1752; 452309
vtrace1; 2045; 722; -1752; 1266989
vtrace1; 2045; 1194; -1752; 2093933
vtrace1; 2045; 1437; -1752; 2519669
vtrace1; 2045; 1117; -1752; 1959029
vtrace1; 2045; 1617; -1752; 2835029
vtrace1; 2045; 1367; -1752; 2397029
vtrace1; 2045; 972; -1752; 1704989
vtrace1; 2045; 1853; -1752; 3248501
vtrace1; 2045; 1958; -1752; 3432461
vtrace1; 2045; 21; -1752; 38837
vtrace1; 2045; 631; -1752; 1107557
vtrace1; 2045; 881; -1752; 1545557
vtrace1; 2045; 1708; -1752; 2994461
vtrace1; 2045; 1951; -1752; 3420197
vtrace1; 2045; 14; -1752; 26573
vtrace1; 2045; 638; -1752; 1119821
vtrace1; 2045; 264; -1752; 464573
vtrace1; 2045; 888; -1752; 1557821
vtrace1; 2045; 1131; -1752; 1983557
vtrace1; 2045; 1944; -1752; 3407933
vtrace1; 2045; 1215; -1752; 2130725
vtrace1; 2045; 1701; -1752; 2982197
vtrace1; 2045; 35; -1752; 63365
vtrace1; 2045; 1458; -1752; 2556461
vtrace1; 2045; 1360; -1752; 2384765
vtrace1; 2045; 1465; -1752; 2568725
vtrace1; 2045; 1715; -1752; 3006725
vtrace1; 2045; 1930; -1752; 3383405
vtrace1; 2045; 1124; -1752; 1971293
vtrace1; 2045; 514; -1752; 902573
vtrace1; 2045; 874; -1752; 1533293
vtrace1; 2045; 1694; -1752; 2969933
vtrace1; 2045; 271; -1752; 476837
vtrace1; 2045; 1222; -1752; 2142989
vtrace1; 2045; 1631; -1752; 2859557
vtrace1; 2045; 28; -1752; 51101
vtrace1; 2045; 1881; -1752; 3297557
vtrace1; 2045; 521; -1752; 914837
vtrace1; 2045; 278; -1752; 489101
vtrace1; 2045; 1145; -1752; 2008085
vtrace1; 2045; 173; -1752; 305141
vtrace1; 2045; 416; -1752; 730877
vtrace1; 2045; 673; -1752; 1181141
vtrace1; 2045; 1533; -1752; 2687861
vtrace1; 2045; 1138; -1752; 1995821
vtrace1; 2045; 1388; -1752; 2433821
vtrace1; 2045; 1638; -1752; 2871821
vtrace1; 2045; 423; -1752; 743141
vtrace1; 2045; 1409; -1752; 2470613
vtrace1; 2045; 1776; -1752; 3113597
vtrace1; 2045; 1874; -1752; 3285293
vtrace1; 2045; 771; -1752; 1352837
vtrace1; 2045; 895; -1752; 1570085
vtrace1; 2045; 180; -1752; 317405
vtrace1; 2045; 666; -1752; 1168877
vtrace1; 2045; 187; -1752; 329669
vtrace1; 2045; 916; -1752; 1606877
vtrace1; 2045; 1381; -1752; 2421557
vtrace1; 2045; 1867; -1752; 3273029
vtrace1; 2045; 1610; -1752; 2822765
vtrace1; 2045; 1159; -1752; 2032613
vtrace1; 2045; 1374; -1752; 2409293
vtrace1; 2045; 909; -1752; 1594613
vtrace1; 2045; 1624; -1752; 2847293
vtrace1; 2045; 1152; -1752; 2020349
vtrace1; 2045; 437; -1752; 767669
vtrace1; 2045; 1395; -1752; 2446085
vtrace1; 2045; 1860; -1752; 3260765
vtrace1; 2045; 194; -1752; 341933
vtrace1; 2045; 201; -1752; 354197
vtrace1; 2045; 930; -1752; 1631405
vtrace1; 2045; 451; -1752; 792197
vtrace1; 2045; 96; -1752; 170237
vtrace1; 2045; 687; -1752; 1205669
vtrace1; 2045; 1416; -1752; 2482877
vtrace1; 2045; 1173; -1752; 2057141
vtrace1; 2045; 430; -1752; 755405
vtrace1; 2045; 103; -1752; 182501
vtrace1; 2045; 353; -1752; 620501
vtrace1; 2045; 1666; -1752; 2920877
vtrace1; 2045; 1790; -1752; 3138125
vtrace1; 2045; 680; -1752; 1193405
vtrace1; 2045; 1423; -1752; 2495141
vtrace1; 2045; 923; -1752; 1619141
vtrace1; 2045; 1089; -1752; 1909973
vtrace1; 2045; 839; -1752; 1471973
vtrace1; 2045; 589; -1752; 1033973
vtrace1; 2045; 444; -1752; 779933
vtrace1; 2045; 1783; -1752; 3125861
vtrace1; 2045; 832; -1752; 1459709
vtrace1; 2045; 1187; -1752; 2081669
vtrace1; 2045; 117; -1752; 207029
vtrace1; 2045; 596; -1752; 1046237
vtrace1; 2045; 346; -1752; 608237
vtrace1; 2045; 1166; -1752; 2044877
vtrace1; 2045; 937; -1752; 1643669
vtrace1; 2045; 694; -1752; 1217933
vtrace1; 2045; 1818; -1752; 3187181
vtrace1; 2045; 1339; -1752; 2347973
vtrace1; 2045; 110; -1752; 194765
vtrace1; 2045; 360; -1752; 632765
vtrace1; 2045; 853; -1752; 1496501
vtrace1; 2045; 610; -1752; 1070765
vtrace1; 2045; 1082; -1752; 1897709
vtrace1; 2045; 367; -1752; 645029
vtrace1; 2045; 603; -1752; 1058501
vtrace1; 2045; 1589; -1752; 2785973
vtrace1; 2045; 1346; -1752; 2360237
vtrace1; 2045; 1180; -1752; 2069405
vtrace1; 2045; 124; -1752; 219293
vtrace1; 2045; 374; -1752; 657293
vtrace1; 2045; 1103; -1752; 1934501
vtrace1; 2045; 1673; -1752; 2933141
vtrace1; 2045; 1325; -1752; 2323445
vtrace1; 2045; 1430; -1752; 2507405
vtrace1; 2045; 1825; -1752; 3199445
vtrace1; 2045; 145; -1752; 256085
vtrace1; 2045; 1568; -1752; 2749181
vtrace1; 2045; 846; -1752; 1484237
vtrace1; 2045; 1096; -1752; 1922237
vtrace1; 2045; 617; -1752; 1083029
vtrace1; 2045; 867; -1752; 1521029
vtrace1; 2045; 1332; -1752; 2335709
vtrace1; 2045; 1575; -1752; 2761445
vtrace1; 2045; 1923; -1752; 3371141
vtrace1; 2045; 388; -1752; 681821
vtrace1; 2045; 1012; -1752; 1775069
vtrace1; 2045; 138; -1752; 243821
vtrace1; 2045; 762; -1752; 1337069
vtrace1; 2045; 1991; -1752; 3490277
vtrace1; 2045; 1741; -1752; 3052277
vtrace1; 2045; 1596; -1752; 2798237
vtrace1; 2045; 1269; -1752; 2225333
vtrace1; 2045; 1110; -1752; 1946765
vtrace1; 2045; 1005; -1752; 1762805
vtrace1; 2045; 1984; -1752; 3478013
vtrace1; 2045; 1748; -1752; 3064541
vtrace1; 2045; 860; -1752; 1508765
vtrace1; 2045; 1498; -1752; 2626541
vtrace1; 2045; 152; -1752; 268349
vtrace1; 2045; 395; -1752; 694085
vtrace1; 2045; 1846; -1752; 3236237
vtrace1; 2045; 1353; -1752; 2372501
vtrace1; 2045; 402; -1752; 706349
vtrace1; 2045; 1603; -1752; 2810501
vtrace1; 2045; 1248; -1752; 2188541
vtrace1; 2045; 1839; -1752; 3223973
vtrace1; 2045; 659; -1752; 1156613
vtrace1; 2045; 1582; -1752; 2773709
vtrace1; 2045; 159; -1752; 280613
vtrace1; 2045; 645; -1752; 1132085
vtrace1; 2045; 1255; -1752; 2200805
vtrace1; 2045; 1505; -1752; 2638805
vtrace1; 2045; 61; -1752; 108917
vtrace1; 2045; 166; -1752; 292877
vtrace1; 2045; 1019; -1752; 1787333
vtrace1; 2045; 304; -1752; 534653
vtrace1; 2045; 409; -1752; 718613
vtrace1; 2045; 1832; -1752; 3211709
vtrace1; 2045; 1276; -1752; 2237597
vtrace1; 2045; 561; -1752; 984917
vtrace1; 2045; 652; -1752; 1144349
vtrace1; 2045; 902; -1752; 1582349
vtrace1; 2045; 1526; -1752; 2675597
vtrace1; 2045; 1769; -1752; 3101333
vtrace1; 2045; 68; -1752; 121181
vtrace1; 2045; 311; -1752; 546917
vtrace1; 2045; 797; -1752; 1398389
vtrace1; 2045; 1040; -1752; 1824125
vtrace1; 2045; 1297; -1752; 2274389
vtrace1; 2045; 1998; -1752; 3502541
vtrace1; 2045; 75; -1752; 133445
vtrace1; 2045; 811; -1752; 1422917
vtrace1; 2045; 1262; -1752; 2213069
vtrace1; 2045; 1512; -1752; 2651069
vtrace1; 2045; 325; -1752; 571445
vtrace1; 2045; 1755; -1752; 3076805
vtrace1; 2045; 82; -1752; 145709
vtrace1; 2045; 554; -1752; 972653
vtrace1; 2045; 568; -1752; 997181
vtrace1; 2045; 1519; -1752; 2663333
vtrace1; 2045; 339; -1752; 595973
vtrace1; 2045; 89; -1752; 157973
vtrace1; 2045; 1762; -1752; 3089069
vtrace1; 2045; 318; -1752; 559181
vtrace1; 2045; 804; -1752; 1410653
vtrace1; 2045; 1047; -1752; 1836389
vtrace1; 2045; 1554; -1752; 2724653
vtrace1; 2045; 825; -1752; 1447445
vtrace1; 2045; 1075; -1752; 1885445
vtrace1; 2045; 575; -1752; 1009445
vtrace1; 2045; 720; -1752; 1263485
vtrace1; 2045; 1054; -1752; 1848653
vtrace1; 2045; 1311; -1752; 2298917
vtrace1; 2045; 241; -1752; 424277
vtrace1; 2045; 1811; -1752; 3174917
vtrace1; 2045; 1456; -1752; 2552957
vtrace1; 2045; 1797; -1752; 3150389
vtrace1; 2045; 582; -1752; 1021709
vtrace1; 2045; 477; -1752; 837749
vtrace1; 2045; 1213; -1752; 2127221
vtrace1; 2045; 332; -1752; 583709
vtrace1; 2045; 1561; -1752; 2736917
vtrace1; 2045; 818; -1752; 1435181
vtrace1; 2045; 1061; -1752; 1860917
vtrace1; 2045; 1318; -1752; 2311181
vtrace1; 2045; 1290; -1752; 2262125
vtrace1; 2045; 1540; -1752; 2700125
vtrace1; 2045; 1914; -1752; 3355373
vtrace1; 2045; 234; -1752; 412013
vtrace1; 2045; 484; -1752; 850013
vtrace1; 2045; 1068; -1752; 1873181
vtrace1; 2045; 727; -1752; 1275749
vtrace1; 2045; 977; -1752; 1713749
vtrace1; 2045; 248; -1752; 436541
vtrace1; 2045; 491; -1752; 862277
vtrace1; 2045; 1304; -1752; 2286653
vtrace1; 2045; 1547; -1752; 2712389
vtrace1; 2045; 1963; -1752; 3441221
vtrace1; 2045; 984; -1752; 1726013
vtrace1; 2045; 498; -1752; 874541
vtrace1; 2045; 1477; -1752; 2589749
vtrace1; 2045; 734; -1752; 1288013
vtrace1; 2045; 1234; -1752; 2164013
vtrace1; 2045; 755; -1752; 1324805
vtrace1; 2045; 131; -1752; 231557
vtrace1; 2045; 255; -1752; 448805
vtrace1; 2045; 1706; -1752; 2990957
vtrace1; 2045; 1720; -1752; 3015485
vtrace1; 2045; 741; -1752; 1300277
vtrace1; 2045; 1470; -1752; 2577485
vtrace1; 2045; 1241; -1752; 2176277
vtrace1; 2045; 505; -1752; 886805
vtrace1; 2045; 1491; -1752; 2614277
vtrace1; 2045; 970; -1752; 1701485
vtrace1; 2045; 33; -1752; 59861
vtrace1; 2045; 1956; -1752; 3428957
vtrace1; 2045; 1713; -1752; 3003221
vtrace1; 2045; 1804; -1752; 3162653
vtrace1; 2045; 1463; -1752; 2565221
vtrace1; 2045; 748; -1752; 1312541
vtrace1; 2045; 998; -1752; 1750541
vtrace1; 2045; 1136; -1752; 1992317
vtrace1; 2045; 769; -1752; 1349333
vtrace1; 2045; 1220; -1752; 2139485
vtrace1; 2045; 512; -1752; 899069
vtrace1; 2045; 1949; -1752; 3416693
vtrace1; 2045; 269; -1752; 473333
vtrace1; 2045; 893; -1752; 1566581
vtrace1; 2045; 26; -1752; 47597
vtrace1; 2045; 991; -1752; 1738277
vtrace1; 2045; 1227; -1752; 2151749
vtrace1; 2045; 276; -1752; 485597
vtrace1; 2045; 519; -1752; 911333
vtrace1; 2045; 283; -1752; 497861
vtrace1; 2045; 1636; -1752; 2868317
vtrace1; 2045; 1386; -1752; 2430317
vtrace1; 2045; 40; -1752; 72125
vtrace1; 2045; 1879; -1752; 3294053
vtrace1; 2045; 47; -1752; 84389
vtrace1; 2045; 1400; -1752; 2454845
vtrace1; 2045; 1643; -1752; 2880581
vtrace1; 2045; 1143; -1752; 2004581
vtrace1; 2045; 290; -1752; 510125
vtrace1; 2045; 533; -1752; 935861
vtrace1; 2045; 547; -1752; 960389
vtrace1; 2045; 1977; -1752; 3465749
vtrace1; 2045; 297; -1752; 522389
vtrace1; 2045; 192; -1752; 338429
vtrace1; 2045; 1026; -1752; 1799597
vtrace1; 2045; 1872; -1752; 3281789
vtrace1; 2045; 1727; -1752; 3027749
vtrace1; 2045; 1393; -1752; 2442581
vtrace1; 2045; 526; -1752; 923597
vtrace1; 2045; 1150; -1752; 2016845
vtrace1; 2045; 54; -1752; 96653
vtrace1; 2045; 783; -1752; 1373861
vtrace1; 2045; 449; -1752; 788693
vtrace1; 2045; 1629; -1752; 2856053
vtrace1; 2045; 1734; -1752; 3040013
vtrace1; 2045; 1484; -1752; 2602013
vtrace1; 2045; 199; -1752; 350693
vtrace1; 2045; 776; -1752; 1361597
vtrace1; 2045; 1970; -1752; 3453485
vtrace1; 2045; 1900; -1752; 3330845
vtrace1; 2045; 1185; -1752; 2078165
vtrace1; 2045; 692; -1752; 1214429
vtrace1; 2045; 935; -1752; 1640165
vtrace1; 2045; 1664; -1752; 2917373
vtrace1; 2045; 540; -1752; 948125
vtrace1; 2045; 1921; -1752; 3367637
vtrace1; 2045; 1421; -1752; 2491637
vtrace1; 2045; 213; -1752; 375221
vtrace1; 2045; 790; -1752; 1386125
vtrace1; 2045; 442; -1752; 776429
vtrace1; 2045; 685; -1752; 1202165
vtrace1; 2045; 1428; -1752; 2503901
vtrace1; 2045; 928; -1752; 1627901
vtrace1; 2045; 1033; -1752; 1811861
vtrace1; 2045; 1671; -1752; 2929637
vtrace1; 2045; 206; -1752; 362957
vtrace1; 2045; 456; -1752; 800957
vtrace1; 2045; 1650; -1752; 2892845
vtrace1; 2045; 1886; -1752; 3306317
vtrace1; 2045; 949; -1752; 1664693
vtrace1; 2045; 227; -1752; 399749
vtrace1; 2045; 706; -1752; 1238957
vtrace1; 2045; 1907; -1752; 3343109
vtrace1; 2045; 1283; -1752; 2249861
vtrace1; 2045; 1407; -1752; 2467109
vtrace1; 2045; 1178; -1752; 2065901
vtrace1; 2045; 1893; -1752; 3318581
vtrace1; 2045; 699; -1752; 1226693
vtrace1; 2045; 463; -1752; 813221
vtrace1; 2045; 1657; -1752; 2905109
vtrace1; 2045; 365; -1752; 641525
vtrace1; 2045; 470; -1752; 825485
vtrace1; 2045; 1699; -1752; 2978693
vtrace1; 2045; 615; -1752; 1079525
vtrace1; 2045; 1449; -1752; 2540693
vtrace1; 2045; 1344; -1752; 2356733
vtrace1; 2045; 220; -1752; 387485
vtrace1; 2045; 1678; -1752; 2941901
vtrace1; 2045; 1935; -1752; 3392165
vtrace1; 2045; 865; -1752; 1517525
vtrace1; 2045; 1206; -1752; 2114957
vtrace1; 2045; 1192; -1752; 2090429
vtrace1; 2045; 122; -1752; 215789
vtrace1; 2045; 372; -1752; 653789
vtrace1; 2045; 608; -1752; 1067261
vtrace1; 2045; 713; -1752; 1251221
vtrace1; 2045; 963; -1752; 1689221
vtrace1; 2045; 1351; -1752; 2368997
vtrace1; 2045; 1601; -1752; 2806997
vtrace1; 2045; 942; -1752; 1652429
vtrace1; 2045; 1928; -1752; 3379901
vtrace1; 2045; 5; -1752; 10805
vtrace1; 2045; 629; -1752; 1104053
vtrace1; 2045; 1435; -1752; 2516165
vtrace1; 2045; 858; -1752; 1505261
vtrace1; 2045; 1108; -1752; 1943261
vtrace1; 2045; 379; -1752; 666053
vtrace1; 2045; 1101; -1752; 1930997
vtrace1; 2045; 956; -1752; 1676957
vtrace1; 2045; 1199; -1752; 2102693
vtrace1; 2045; 1685; -1752; 2954165
vtrace1; 2045; 1442; -1752; 2528429
vtrace1; 2045; 19; -1752; 35333
vtrace1; 2045; 1358; -1752; 2381261
vtrace1; 2045; 1608; -1752; 2819261
vtrace1; 2045; 1122; -1752; 1967789
vtrace1; 2045; 1858; -1752; 3257261
vtrace1; 2045; 1379; -1752; 2418053
vtrace1; 2045; 879; -1752; 1542053
vtrace1; 2045; 1615; -1752; 2831525
vtrace1; 2045; 12; -1752; 23069
vtrace1; 2045; 622; -1752; 1091789
vtrace1; 2045; 1851; -1752; 3244997
vtrace1; 2045; 872; -1752; 1529789
vtrace1; 2045; 1115; -1752; 1955525
vtrace1; 2045; 262; -1752; 461069
vtrace1; 2045; 400; -1752; 702845
vtrace1; 2045; 157; -1752; 277109
vtrace1; 2045; 407; -1752; 715109
vtrace1; 2045; 1844; -1752; 3232733
vtrace1; 2045; 164; -1752; 289373
vtrace1; 2045; 1692; -1752; 2966429
vtrace1; 2045; 171; -1752; 301637
vtrace1; 2045; 636; -1752; 1116317
vtrace1; 2045; 1365; -1752; 2393525
vtrace1; 2045; 1837; -1752; 3220469
vtrace1; 2045; 1594; -1752; 2794733
vtrace1; 2045; 886; -1752; 1554317
vtrace1; 2045; 1129; -1752; 1980053
vtrace1; 2045; 657; -1752; 1153109
vtrace1; 2045; 1942; -1752; 3404429
vtrace1; 2045; 421; -1752; 739637
vtrace1; 2045; 178; -1752; 313901
vtrace1; 2045; 664; -1752; 1165373
vtrace1; 2045; 907; -1752; 1591109
vtrace1; 2045; 1531; -1752; 2684357
vtrace1; 2045; 185; -1752; 326165
vtrace1; 2045; 650; -1752; 1140845
vtrace1; 2045; 900; -1752; 1578845
vtrace1; 2045; 80; -1752; 142205
vtrace1; 2045; 435; -1752; 764165
vtrace1; 2045; 1781; -1752; 3122357
vtrace1; 2045; 414; -1752; 727373
vtrace1; 2045; 1171; -1752; 2053637
vtrace1; 2045; 87; -1752; 154469
vtrace1; 2045; 1517; -1752; 2659829
vtrace1; 2045; 816; -1752; 1431677
vtrace1; 2045; 337; -1752; 592469
vtrace1; 2045; 1372; -1752; 2405789
vtrace1; 2045; 1622; -1752; 2843789
vtrace1; 2045; 1760; -1752; 3085565
vtrace1; 2045; 921; -1752; 1615637
vtrace1; 2045; 678; -1752; 1189901
vtrace1; 2045; 914; -1752; 1603373
vtrace1; 2045; 1274; -1752; 2234093
vtrace1; 2045; 1524; -1752; 2672093
vtrace1; 2045; 1865; -1752; 3269525
vtrace1; 2045; 573; -1752; 1005941
vtrace1; 2045; 428; -1752; 751901
vtrace1; 2045; 671; -1752; 1177637
vtrace1; 2045; 1767; -1752; 3097829
vtrace1; 2045; 1157; -1752; 2029109
vtrace1; 2045; 101; -1752; 178997
vtrace1; 2045; 580; -1752; 1018205
vtrace1; 2045; 330; -1752; 580205
vtrace1; 2045; 1316; -1752; 2307677
vtrace1; 2045; 1559; -1752; 2733413
vtrace1; 2045; 1164; -1752; 2041373
vtrace1; 2045; 1788; -1752; 3134621
vtrace1; 2045; 1073; -1752; 1881941
vtrace1; 2045; 1323; -1752; 2319941
vtrace1; 2045; 823; -1752; 1443941
vtrace1; 2045; 94; -1752; 166733
vtrace1; 2045; 344; -1752; 604733
vtrace1; 2045; 587; -1752; 1030469
vtrace1; 2045; 115; -1752; 203525
vtrace1; 2045; 1809; -1752; 3171413
vtrace1; 2045; 351; -1752; 616997
vtrace1; 2045; 830; -1752; 1456205
vtrace1; 2045; 1080; -1752; 1894205
vtrace1; 2045; 601; -1752; 1054997
vtrace1; 2045; 594; -1752; 1042733
vtrace1; 2045; 851; -1752; 1492997
vtrace1; 2045; 1774; -1752; 3110093
vtrace1; 2045; 108; -1752; 191261
vtrace1; 2045; 358; -1752; 629261
vtrace1; 2045; 837; -1752; 1468469
vtrace1; 2045; 1414; -1752; 2479373
vtrace1; 2045; 1309; -1752; 2295413
vtrace1; 2045; 496; -1752; 871037
vtrace1; 2045; 1066; -1752; 1869677
vtrace1; 2045; 129; -1752; 228053
vtrace1; 2045; 253; -1752; 445301
vtrace1; 2045; 1552; -1752; 2721149
vtrace1; 2045; 1094; -1752; 1918733
vtrace1; 2045; 1239; -1752; 2172773
vtrace1; 2045; 1968; -1752; 3449981
vtrace1; 2045; 989; -1752; 1734773
vtrace1; 2045; 844; -1752; 1480733
vtrace1; 2045; 1489; -1752; 2610773
vtrace1; 2045; 1830; -1752; 3208205
vtrace1; 2045; 503; -1752; 883301
vtrace1; 2045; 1087; -1752; 1906469
vtrace1; 2045; 1725; -1752; 3024245
vtrace1; 2045; 1580; -1752; 2770205
vtrace1; 2045; 753; -1752; 1321301
vtrace1; 2045; 1823; -1752; 3195941
vtrace1; 2045; 760; -1752; 1333565
vtrace1; 2045; 1330; -1752; 2332205
vtrace1; 2045; 1573; -1752; 2757941
vtrace1; 2045; 136; -1752; 240317
vtrace1; 2045; 1003; -1752; 1759301
vtrace1; 2045; 1816; -1752; 3183677
vtrace1; 2045; 996; -1752; 1747037
vtrace1; 2045; 1802; -1752; 3159149
vtrace1; 2045; 386; -1752; 678317
vtrace1; 2045; 746; -1752; 1309037
vtrace1; 2045; 1587; -1752; 2782469
vtrace1; 2045; 1232; -1752; 2160509
vtrace1; 2045; 1337; -1752; 2344469
vtrace1; 2045; 143; -1752; 252581
vtrace1; 2045; 510; -1752; 895565
vtrace1; 2045; 1566; -1752; 2745677
vtrace1; 2045; 288; -1752; 506621
vtrace1; 2045; 1982; -1752; 3474509
vtrace1; 2045; 1503; -1752; 2635301
vtrace1; 2045; 1746; -1752; 3061037
vtrace1; 2045; 45; -1752; 80885
vtrace1; 2045; 150; -1752; 264845
vtrace1; 2045; 1017; -1752; 1783829
vtrace1; 2045; 393; -1752; 690581
vtrace1; 2045; 545; -1752; 956885
vtrace1; 2045; 1010; -1752; 1771565
vtrace1; 2045; 1260; -1752; 2209565
vtrace1; 2045; 295; -1752; 518885
vtrace1; 2045; 1510; -1752; 2647565
vtrace1; 2045; 1989; -1752; 3486773
vtrace1; 2045; 1648; -1752; 2889341
vtrace1; 2045; 52; -1752; 93149
vtrace1; 2045; 1753; -1752; 3073301
vtrace1; 2045; 1405; -1752; 2463605
vtrace1; 2045; 643; -1752; 1128581
vtrace1; 2045; 767; -1752; 1345829
vtrace1; 2045; 1281; -1752; 2246357
vtrace1; 2045; 1253; -1752; 2197301
vtrace1; 2045; 1732; -1752; 3036509
vtrace1; 2045; 59; -1752; 105413
vtrace1; 2045; 1482; -1752; 2598509
vtrace1; 2045; 1031; -1752; 1808357
vtrace1; 2045; 788; -1752; 1382621
vtrace1; 2045; 1246; -1752; 2185037
vtrace1; 2045; 1496; -1752; 2623037
vtrace1; 2045; 1975; -1752; 3462245
vtrace1; 2045; 66; -1752; 117677
vtrace1; 2045; 309; -1752; 543413
vtrace1; 2045; 1739; -1752; 3048773
vtrace1; 2045; 781; -1752; 1370357
vtrace1; 2045; 1024; -1752; 1796093
vtrace1; 2045; 538; -1752; 944621
vtrace1; 2045; 1267; -1752; 2221829
vtrace1; 2045; 552; -1752; 969149
vtrace1; 2045; 73; -1752; 129941
vtrace1; 2045; 323; -1752; 567941
vtrace1; 2045; 1045; -1752; 1832885
vtrace1; 2045; 302; -1752; 531149
vtrace1; 2045; 1288; -1752; 2258621
vtrace1; 2045; 802; -1752; 1407149
vtrace1; 2045; 1912; -1752; 3351869
vtrace1; 2045; 1538; -1752; 2696621
vtrace1; 2045; 795; -1752; 1394885
vtrace1; 2045; 1898; -1752; 3327341
vtrace1; 2045; 559; -1752; 981413
vtrace1; 2045; 1662; -1752; 2913869
vtrace1; 2045; 1295; -1752; 2270885
vtrace1; 2045; 225; -1752; 396245
vtrace1; 2045; 711; -1752; 1247717
vtrace1; 2045; 566; -1752; 993677
vtrace1; 2045; 961; -1752; 1685717
vtrace1; 2045; 461; -1752; 809717
vtrace1; 2045; 1996; -1752; 3499037
vtrace1; 2045; 316; -1752; 555677
vtrace1; 2045; 1655; -1752; 2901605
vtrace1; 2045; 809; -1752; 1419413
vtrace1; 2045; 1059; -1752; 1857413
vtrace1; 2045; 704; -1752; 1235453
vtrace1; 2045; 218; -1752; 383981
vtrace1; 2045; 468; -1752; 821981
vtrace1; 2045; 1038; -1752; 1820621
vtrace1; 2045; 1905; -1752; 3339605
vtrace1; 2045; 725; -1752; 1272245
vtrace1; 2045; 1211; -1752; 2123717
vtrace1; 2045; 232; -1752; 408509
vtrace1; 2045; 954; -1752; 1673453
vtrace1; 2045; 1940; -1752; 3400925
vtrace1; 2045; 475; -1752; 834245
vtrace1; 2045; 482; -1752; 846509
vtrace1; 2045; 1461; -1752; 2561717
vtrace1; 2045; 1218; -1752; 2135981
vtrace1; 2045; 1933; -1752; 3388661
vtrace1; 2045; 239; -1752; 420773
vtrace1; 2045; 1690; -1752; 2962925
vtrace1; 2045; 1052; -1752; 1845149
vtrace1; 2045; 1440; -1752; 2524925
vtrace1; 2045; 975; -1752; 1710245
vtrace1; 2045; 489; -1752; 858773
vtrace1; 2045; 1197; -1752; 2099189
vtrace1; 2045; 246; -1752; 433037
vtrace1; 2045; 1545; -1752; 2708885
vtrace1; 2045; 17; -1752; 31829
vtrace1; 2045; 1302; -1752; 2283149
vtrace1; 2045; 1697; -1752; 2975189
vtrace1; 2045; 1447; -1752; 2537189
vtrace1; 2045; 718; -1752; 1259981
vtrace1; 2045; 968; -1752; 1697981
vtrace1; 2045; 1919; -1752; 3364133
vtrace1; 2045; 1204; -1752; 2111453
vtrace1; 2045; 739; -1752; 1296773
vtrace1; 2045; 1795; -1752; 3146885
vtrace1; 2045; 10; -1752; 19565
vtrace1; 2045; 634; -1752; 1112813
vtrace1; 2045; 1718; -1752; 3011981
vtrace1; 2045; 1613; -1752; 2828021
vtrace1; 2045; 1863; -1752; 3266021
vtrace1; 2045; 1468; -1752; 2573981
vtrace1; 2045; 260; -1752; 457565
vtrace1; 2045; 884; -1752; 1550813
vtrace1; 2045; 1127; -1752; 1976549
vtrace1; 2045; 267; -1752; 469829
vtrace1; 2045; 732; -1752; 1284509
vtrace1; 2045; 1620; -1752; 2840285
vtrace1; 2045; 1961; -1752; 3437717
vtrace1; 2045; 1370; -1752; 2402285
vtrace1; 2045; 982; -1752; 1722509
vtrace1; 2045; 1856; -1752; 3253757
vtrace1; 2045; 1120; -1752; 1964285
vtrace1; 2045; 24; -1752; 44093
vtrace1; 2045; 877; -1752; 1538549
vtrace1; 2045; 1454; -1752; 2549453
vtrace1; 2045; 1704; -1752; 2987453
vtrace1; 2045; 1225; -1752; 2148245
vtrace1; 2045; 1475; -1752; 2586245
vtrace1; 2045; 31; -1752; 56357
vtrace1; 2045; 517; -1752; 907829
vtrace1; 2045; 1954; -1752; 3425453
vtrace1; 2045; 274; -1752; 482093
vtrace1; 2045; 1141; -1752; 2001077
vtrace1; 2045; 891; -1752; 1563077
vtrace1; 2045; 531; -1752; 932357
vtrace1; 2045; 176; -1752; 310397
vtrace1; 2045; 281; -1752; 494357
vtrace1; 2045; 1947; -1752; 3413189
vtrace1; 2045; 1711; -1752; 2999717
vtrace1; 2045; 1377; -1752; 2414549
vtrace1; 2045; 38; -1752; 68621
vtrace1; 2045; 433; -1752; 760661
vtrace1; 2045; 183; -1752; 322661
vtrace1; 2045; 669; -1752; 1174133
vtrace1; 2045; 774; -1752; 1358093
vtrace1; 2045; 1398; -1752; 2451341
vtrace1; 2045; 912; -1752; 1599869
vtrace1; 2045; 1641; -1752; 2877077
vtrace1; 2045; 1870; -1752; 3278285
vtrace1; 2045; 1134; -1752; 1988813
vtrace1; 2045; 524; -1752; 920093
vtrace1; 2045; 1891; -1752; 3315077
vtrace1; 2045; 1877; -1752; 3290549
vtrace1; 2045; 197; -1752; 347189
vtrace1; 2045; 683; -1752; 1198661
vtrace1; 2045; 426; -1752; 748397
vtrace1; 2045; 1384; -1752; 2426813
vtrace1; 2045; 1627; -1752; 2852549
vtrace1; 2045; 190; -1752; 334925
vtrace1; 2045; 1169; -1752; 2050133
vtrace1; 2045; 1634; -1752; 2864813
vtrace1; 2045; 440; -1752; 772925
vtrace1; 2045; 676; -1752; 1186397
vtrace1; 2045; 211; -1752; 371717
vtrace1; 2045; 919; -1752; 1612133
vtrace1; 2045; 1148; -1752; 2013341
vtrace1; 2045; 1391; -1752; 2439077
vtrace1; 2045; 447; -1752; 785189
vtrace1; 2045; 1176; -1752; 2062397
vtrace1; 2045; 947; -1752; 1661189
vtrace1; 2045; 697; -1752; 1223189
vtrace1; 2045; 926; -1752; 1624397
vtrace1; 2045; 1669; -1752; 2926133
vtrace1; 2045; 113; -1752; 200021
vtrace1; 2045; 1426; -1752; 2500397
vtrace1; 2045; 349; -1752; 613493
vtrace1; 2045; 454; -1752; 797453
vtrace1; 2045; 1683; -1752; 2950661
vtrace1; 2045; 1433; -1752; 2512661
vtrace1; 2045; 1328; -1752; 2328701
vtrace1; 2045; 204; -1752; 359453
vtrace1; 2045; 592; -1752; 1039229
vtrace1; 2045; 933; -1752; 1636661
vtrace1; 2045; 690; -1752; 1210925
vtrace1; 2045; 1162; -1752; 2037869
vtrace1; 2045; 106; -1752; 187757
vtrace1; 2045; 356; -1752; 625757
vtrace1; 2045; 1190; -1752; 2086925
vtrace1; 2045; 1085; -1752; 1902965
vtrace1; 2045; 940; -1752; 1648925
vtrace1; 2045; 1412; -1752; 2475869
vtrace1; 2045; 1884; -1752; 3302813
vtrace1; 2045; 1419; -1752; 2488133
vtrace1; 2045; 599; -1752; 1051493
vtrace1; 2045; 1183; -1752; 2074661
vtrace1; 2045; 849; -1752; 1489493
vtrace1; 2045; 120; -1752; 212285
vtrace1; 2045; 363; -1752; 638021
vtrace1; 2045; 1786; -1752; 3131117
vtrace1; 2045; 370; -1752; 650285
vtrace1; 2045; 606; -1752; 1063757
vtrace1; 2045; 1349; -1752; 2365493
vtrace1; 2045; 1835; -1752; 3216965
vtrace1; 2045; 127; -1752; 224549
vtrace1; 2045; 856; -1752; 1501757
vtrace1; 2045; 1099; -1752; 1927493
vtrace1; 2045; 1578; -1752; 2766701
vtrace1; 2045; 3; -1752; 7301
vtrace1; 2045; 627; -1752; 1100549
vtrace1; 2045; 613; -1752; 1076021
vtrace1; 2045; 1592; -1752; 2791229
vtrace1; 2045; 842; -1752; 1477229
vtrace1; 2045; 1092; -1752; 1915229
vtrace1; 2045; 1342; -1752; 2353229
vtrace1; 2045; 1828; -1752; 3204701
vtrace1; 2045; 1363; -1752; 2390021
vtrace1; 2045; 377; -1752; 662549
vtrace1; 2045; 1335; -1752; 2340965
vtrace1; 2045; 620; -1752; 1088285
vtrace1; 2045; 1585; -1752; 2778965
vtrace1; 2045; 1113; -1752; 1952021
vtrace1; 2045; 1821; -1752; 3192437
vtrace1; 2045; 141; -1752; 249077
vtrace1; 2045; 870; -1752; 1526285
vtrace1; 2045; 384; -1752; 674813
vtrace1; 2045; 641; -1752; 1125077
vtrace1; 2045; 1008; -1752; 1768061
vtrace1; 2045; 765; -1752; 1342325
vtrace1; 2045; 1926; -1752; 3376397
vtrace1; 2045; 1106; -1752; 1939757
vtrace1; 2045; 148; -1752; 261341
vtrace1; 2045; 391; -1752; 687077
vtrace1; 2045; 863; -1752; 1514021
vtrace1; 2045; 1676; -1752; 2938397
vtrace1; 2045; 1258; -1752; 2206061
vtrace1; 2045; 1508; -1752; 2644061
vtrace1; 2045; 155; -1752; 273605
vtrace1; 2045; 1751; -1752; 3069797
vtrace1; 2045; 1015; -1752; 1780325
vtrace1; 2045; 405; -1752; 711605
vtrace1; 2045; 162; -1752; 285869
vtrace1; 2045; 1272; -1752; 2230589
vtrace1; 2045; 1515; -1752; 2656325
vtrace1; 2045; 898; -1752; 1575341
vtrace1; 2045; 169; -1752; 298133
vtrace1; 2045; 1599; -1752; 2803493
vtrace1; 2045; 419; -1752; 736133
vtrace1; 2045; 1849; -1752; 3241493
vtrace1; 2045; 64; -1752; 114173
vtrace1; 2045; 655; -1752; 1149605
vtrace1; 2045; 1265; -1752; 2218325
vtrace1; 2045; 398; -1752; 699341
vtrace1; 2045; 1022; -1752; 1792589
vtrace1; 2045; 1501; -1752; 2631797
vtrace1; 2045; 71; -1752; 126437
vtrace1; 2045; 321; -1752; 564437
vtrace1; 2045; 1356; -1752; 2377757
vtrace1; 2045; 1606; -1752; 2815757
vtrace1; 2045; 1744; -1752; 3057533
vtrace1; 2045; 1842; -1752; 3229229
vtrace1; 2045; 648; -1752; 1137341
vtrace1; 2045; 1057; -1752; 1853909
vtrace1; 2045; 807; -1752; 1415909
vtrace1; 2045; 557; -1752; 977909
vtrace1; 2045; 412; -1752; 723869
vtrace1; 2045; 1917; -1752; 3360629
vtrace1; 2045; 1293; -1752; 2267381
vtrace1; 2045; 1536; -1752; 2693117
vtrace1; 2045; 1155; -1752; 2025605
vtrace1; 2045; 1793; -1752; 3143381
vtrace1; 2045; 85; -1752; 150965
vtrace1; 2045; 800; -1752; 1403645
vtrace1; 2045; 564; -1752; 990173
vtrace1; 2045; 314; -1752; 552173
vtrace1; 2045; 1300; -1752; 2279645
vtrace1; 2045; 1543; -1752; 2705381
vtrace1; 2045; 662; -1752; 1161869
vtrace1; 2045; 905; -1752; 1587605
vtrace1; 2045; 1772; -1752; 3106589
vtrace1; 2045; 1522; -1752; 2668589
vtrace1; 2045; 821; -1752; 1440437
vtrace1; 2045; 78; -1752; 138701
vtrace1; 2045; 328; -1752; 576701
vtrace1; 2045; 571; -1752; 1002437
vtrace1; 2045; 1279; -1752; 2242853
vtrace1; 2045; 1050; -1752; 1841645
vtrace1; 2045; 99; -1752; 175493
vtrace1; 2045; 1765; -1752; 3094325
vtrace1; 2045; 1779; -1752; 3118853
vtrace1; 2045; 335; -1752; 588965
vtrace1; 2045; 1994; -1752; 3495533
vtrace1; 2045; 578; -1752; 1014701
vtrace1; 2045; 1758; -1752; 3082061
vtrace1; 2045; 1529; -1752; 2680853
vtrace1; 2045; 92; -1752; 163229
vtrace1; 2045; 342; -1752; 601229
vtrace1; 2045; 1571; -1752; 2754437
vtrace1; 2045; 1216; -1752; 2132477
vtrace1; 2045; 1321; -1752; 2316437
vtrace1; 2045; 1071; -1752; 1878437
vtrace1; 2045; 480; -1752; 843005
vtrace1; 2045; 585; -1752; 1026965
vtrace1; 2045; 1807; -1752; 3167909
vtrace1; 2045; 1550; -1752; 2717645
vtrace1; 2045; 737; -1752; 1293269
vtrace1; 2045; 237; -1752; 417269
vtrace1; 2045; 814; -1752; 1428173
vtrace1; 2045; 1064; -1752; 1866173
vtrace1; 2045; 1223; -1752; 2144741
vtrace1; 2045; 835; -1752; 1464965
vtrace1; 2045; 1473; -1752; 2582741
vtrace1; 2045; 244; -1752; 429533
vtrace1; 2045; 487; -1752; 855269
vtrace1; 2045; 1800; -1752; 3155645
vtrace1; 2045; 980; -1752; 1719005
vtrace1; 2045; 251; -1752; 441797
vtrace1; 2045; 730; -1752; 1281005
vtrace1; 2045; 1307; -1752; 2291909
vtrace1; 2045; 1078; -1752; 1890701
vtrace1; 2045; 973; -1752; 1706741
vtrace1; 2045; 828; -1752; 1452701
vtrace1; 2045; 1557; -1752; 2729909
vtrace1; 2045; 1314; -1752; 2304173
vtrace1; 2045; 501; -1752; 879797
vtrace1; 2045; 994; -1752; 1743533
vtrace1; 2045; 1230; -1752; 2157005
vtrace1; 2045; 1973; -1752; 3458741
vtrace1; 2045; 494; -1752; 867533
vtrace1; 2045; 1480; -1752; 2595005
vtrace1; 2045; 1723; -1752; 3020741
vtrace1; 2045; 1251; -1752; 2193797
vtrace1; 2045; 751; -1752; 1317797
vtrace1; 2045; 272; -1752; 478589
vtrace1; 2045; 1730; -1752; 3033005
vtrace1; 2045; 29; -1752; 52853
vtrace1; 2045; 1487; -1752; 2607269
vtrace1; 2045; 744; -1752; 1305533
vtrace1; 2045; 987; -1752; 1731269
vtrace1; 2045; 134; -1752; 236813
vtrace1; 2045; 529; -1752; 928853
vtrace1; 2045; 279; -1752; 490853
vtrace1; 2045; 1709; -1752; 2996213
vtrace1; 2045; 1959; -1752; 3434213
vtrace1; 2045; 36; -1752; 65117
vtrace1; 2045; 1564; -1752; 2742173
vtrace1; 2045; 508; -1752; 892061
vtrace1; 2045; 1237; -1752; 2169269
vtrace1; 2045; 1952; -1752; 3421949
vtrace1; 2045; 43; -1752; 77381
vtrace1; 2045; 1466; -1752; 2570477
vtrace1; 2045; 1716; -1752; 3008477
vtrace1; 2045; 758; -1752; 1330061
vtrace1; 2045; 1814; -1752; 3180173
vtrace1; 2045; 1001; -1752; 1755797
vtrace1; 2045; 1403; -1752; 2460101
vtrace1; 2045; 1882; -1752; 3299309
vtrace1; 2045; 779; -1752; 1366853
vtrace1; 2045; 293; -1752; 515381
vtrace1; 2045; 50; -1752; 89645
vtrace1; 2045; 522; -1752; 916589
vtrace1; 2045; 1146; -1752; 2009837
vtrace1; 2045; 536; -1752; 941117
vtrace1; 2045; 286; -1752; 503117
vtrace1; 2045; 57; -1752; 101909
vtrace1; 2045; 1980; -1752; 3471005
vtrace1; 2045; 307; -1752; 539909
vtrace1; 2045; 1653; -1752; 2898101
vtrace1; 2045; 772; -1752; 1354589
vtrace1; 2045; 793; -1752; 1391381
vtrace1; 2045; 1244; -1752; 2181533
vtrace1; 2045; 688; -1752; 1207421
vtrace1; 2045; 1043; -1752; 1829381
vtrace1; 2045; 543; -1752; 953381
vtrace1; 2045; 209; -1752; 368213
vtrace1; 2045; 1494; -1752; 2619533
vtrace1; 2045; 1737; -1752; 3045269
vtrace1; 2045; 1389; -1752; 2435573
vtrace1; 2045; 1632; -1752; 2861309
vtrace1; 2045; 1889; -1752; 3311573
vtrace1; 2045; 1966; -1752; 3446477
vtrace1; 2045; 445; -1752; 781685
vtrace1; 2045; 550; -1752; 965645
vtrace1; 2045; 1639; -1752; 2873573
vtrace1; 2045; 300; -1752; 527645
vtrace1; 2045; 1029; -1752; 1804853
vtrace1; 2045; 1987; -1752; 3483269
vtrace1; 2045; 786; -1752; 1379117
vtrace1; 2045; 1396; -1752; 2447837
vtrace1; 2045; 1681; -1752; 2947157
vtrace1; 2045; 202; -1752; 355949
vtrace1; 2045; 1431; -1752; 2509157
vtrace1; 2045; 452; -1752; 793949
vtrace1; 2045; 1181; -1752; 2071157
vtrace1; 2045; 1036; -1752; 1817117
vtrace1; 2045; 1660; -1752; 2910365
vtrace1; 2045; 695; -1752; 1219685
vtrace1; 2045; 945; -1752; 1657685
vtrace1; 2045; 216; -1752; 380477
vtrace1; 2045; 459; -1752; 806213
vtrace1; 2045; 1910; -1752; 3348365
vtrace1; 2045; 466; -1752; 818477
vtrace1; 2045; 702; -1752; 1231949
vtrace1; 2045; 952; -1752; 1669949
vtrace1; 2045; 1195; -1752; 2095685
vtrace1; 2045; 1646; -1752; 2885837
vtrace1; 2045; 1903; -1752; 3336101
vtrace1; 2045; 723; -1752; 1268741
vtrace1; 2045; 223; -1752; 392741
vtrace1; 2045; 1424; -1752; 2496893
vtrace1; 2045; 709; -1752; 1244213
vtrace1; 2045; 1188; -1752; 2083421
vtrace1; 2045; 473; -1752; 830741
vtrace1; 2045; 938; -1752; 1645421
vtrace1; 2045; 125; -1752; 221045
vtrace1; 2045; 230; -1752; 405005
vtrace1; 2045; 1896; -1752; 3323837
vtrace1; 2045; 1; -1752; 3797
vtrace1; 2045; 1286; -1752; 2255117
vtrace1; 2045; 368; -1752; 646781
